name,category,country,website_url_binary,twitter_binary,linkedin_binary,location_identifiers_value_binary,phone_number_binary,short_description_binary,legal_name_binary,identifier_permalink_binary,contact_email_binary,status_encoded,operating_status_encoded,revenue_range_encoded,rank_band,num_employees_encoded,ipo_status_encoded,years_since_founded,company_type_encoded,days_since_updated,has_category_groups,model_output
Yeshion Enterprise,Clothing and Apparel,China,1,0,1,1,1,1,1,1,1,2,1,0,1,3,0,20,2,520,1,86
Bilken,Food and Beverage,Turkey,1,1,1,1,1,1,1,1,1,2,1,3,1,3,0,15,2,441,1,88
Falcon Fine Wire,Consumer Electronics,United States,1,0,1,1,1,1,0,1,0,2,1,3,1,3,0,0,2,721,1,88
Friendsmoo Info Media Private Limited,Advertising,India,1,1,1,1,1,1,1,1,1,2,1,0,1,2,0,11,2,2220,1,89
Redwood Technology Ventures,,United States,1,0,0,1,1,1,0,1,1,0,0,0,2,1,0,31,0,503,0,0
Kahvay,Education,United Kingdom,1,1,1,1,1,1,1,1,1,2,1,2,1,1,0,10,2,417,1,86
Galloway Botteselle & Company,Financial Services,Canada,1,0,1,1,1,1,1,1,1,2,1,2,1,2,0,37,2,313,1,87
Equalizer Finance,Blockchain and Cryptocurrency,United States,1,1,1,1,0,1,1,1,0,2,1,2,2,1,0,0,2,412,1,82
Baker & Eitas Financial Service,Community and Lifestyle,United States,1,0,0,1,1,1,0,1,1,2,1,1,1,1,0,43,2,1323,1,88
Expert Moldova Trading,Commerce and Shopping,Romania,1,0,1,1,1,1,1,1,1,2,1,2,1,2,0,31,2,313,1,87
Butler & Associates,Consumer Electronics,United States,1,0,0,1,1,1,1,1,0,2,1,2,1,2,0,36,2,383,1,87
FERAGEN e.U.,Biotechnology,Austria,1,1,0,1,1,1,0,1,1,2,1,0,1,0,0,13,2,823,1,85
ALOGIA Groupe,Health Care,France,1,1,1,1,1,1,0,1,0,2,1,2,3,3,0,11,2,461,1,88
MSG Global Consultancy & Industries,Manufacturing,Turkey,1,0,1,1,1,1,1,1,1,2,1,3,1,4,0,12,2,923,1,89
Clusaga,Data and Analytics,Spain,1,1,1,1,1,1,0,1,1,2,1,0,1,2,0,15,1,1006,1,87
Tanaz Hair Boutique & Day Spa,Community and Lifestyle,United States,1,0,1,1,1,1,0,1,1,2,1,2,1,2,0,0,2,845,1,87
Art of Health Chiropractic,Health Care,United States,1,0,1,1,1,1,0,1,1,2,1,0,1,1,0,0,2,782,1,85
Sundown,Agriculture and Farming,United Kingdom,1,0,1,1,1,1,1,1,1,2,1,3,1,2,0,26,2,1176,1,89
Sigdal Kjøkken,Consumer Goods,Norway,1,1,1,1,1,1,1,1,1,2,1,3,1,3,0,0,2,141,1,87
AMT IT Solutions,Hardware,Indonesia,1,0,1,1,1,1,1,1,0,2,1,4,1,5,0,29,2,874,1,91
Relearnit,Education,United States,1,1,1,1,1,1,1,1,1,2,1,7,1,2,0,17,2,1099,1,91
Akatsuki Japan,Data and Analytics,Japan,1,1,0,1,0,1,0,1,0,2,1,0,1,0,0,9,2,2111,1,84
Enática Energías Renovables,Energy,Spain,1,0,0,1,1,1,0,1,1,1,1,0,2,2,0,14,2,1778,1,88
Lockwood Moore,Commerce and Shopping,United States,1,1,1,1,1,1,1,1,1,2,1,2,2,2,0,50,2,1079,1,89
Madison Hosiery,Clothing and Apparel,United Kingdom,1,0,1,1,1,1,1,1,1,2,1,2,1,3,0,31,2,721,1,88
Cross Shock,Advertising,South Korea,1,0,0,1,0,1,0,1,1,2,1,0,1,0,0,8,2,1551,1,81
Shoelace Learning,Education,Canada,1,1,1,1,1,1,1,1,1,2,1,2,3,2,0,6,2,421,1,87
AudioDope,Apps,United States,1,1,1,1,1,1,0,1,1,2,1,2,2,1,0,5,2,892,1,87
Solaris Consulting Firm,,United States,1,0,1,1,1,1,1,1,0,2,1,0,1,1,0,0,2,858,0,85
RAM Handling,Events,Morocco,1,0,1,1,1,1,1,1,1,2,1,3,1,7,0,0,2,407,1,89
Huxley Corporate Finance,Financial Services,United Kingdom,1,1,1,1,1,1,1,1,1,2,1,2,1,2,0,16,2,420,1,87
Pure Oasis,Commerce and Shopping,United States,1,1,1,1,1,1,1,1,1,2,1,2,1,2,0,7,2,1092,1,88
CadAltro,Data and Analytics,Belgium,1,1,1,1,1,1,0,1,1,0,0,0,1,1,0,9,2,370,1,0
Betty Yee,Financial Services,United States,1,1,0,1,1,1,1,1,1,2,1,2,1,2,0,0,2,1375,1,87
Ideal towing,Other,United States,1,1,1,1,1,1,1,1,0,2,1,7,1,3,0,28,2,874,1,92
Spartan Life Coach,Health Care,United Kingdom,1,1,0,1,1,1,0,1,0,2,1,2,1,0,0,0,2,956,1,87
Leonardi Group,Transportation,Italy,1,0,1,1,1,1,1,1,1,2,1,0,1,3,0,58,2,725,1,88
South Lake Computers,Commerce and Shopping,United States,1,1,1,1,1,1,1,1,1,2,1,2,1,1,0,0,2,158,1,86
FIND Surgical Sciences,Health Care,United States,1,1,1,1,0,1,1,1,1,2,1,2,1,1,0,6,2,879,1,83
Lebanon City Schools,Education,United States,1,1,1,1,1,1,1,1,1,2,1,4,2,5,0,185,1,1544,1,97
Ferrol2,Manufacturing,Portugal,1,0,1,1,1,1,1,1,1,2,1,2,1,2,0,21,2,692,1,87
MarlinSEM,Advertising,United States,1,1,1,1,1,1,0,1,0,2,1,0,1,0,0,8,2,692,1,86
Rapha Center,Health Care,United States,1,0,1,1,1,1,1,1,1,2,1,3,1,2,0,9,2,1371,1,89
Sequence Logistics,Transportation,South Africa,1,0,1,1,1,1,1,1,1,2,1,3,1,5,0,16,2,245,1,88
Bettershare,Internet Services,Italy,1,1,1,1,1,1,1,1,1,2,1,0,2,1,0,3,2,888,1,86
Parenting OC,Community and Lifestyle,United States,1,1,1,1,1,1,0,1,1,2,1,3,1,1,0,40,2,1338,1,90
Clove and Hallow,Commerce and Shopping,United States,1,1,1,1,0,1,0,1,1,2,1,1,2,1,0,4,2,833,1,82
Calliope Global,Education,United States,1,1,0,1,0,1,0,1,0,0,0,0,1,0,0,0,2,663,1,0
IT Nachos,Internet Services,United States,1,1,1,1,1,1,0,1,1,2,1,0,1,1,0,10,2,964,1,86
Tri-County A/C and Heating,Consumer Electronics,United States,1,0,0,1,1,1,1,1,1,2,1,2,1,2,0,31,2,921,1,87
"Shrewsberry & Associates, LLC",Professional Services,United States,1,1,1,1,1,1,0,1,0,2,1,3,2,4,0,24,2,830,1,90
Consejo Regulador Denominación de Origen Bullas,Food and Beverage,Spain,1,1,0,1,1,1,0,1,1,2,1,0,1,2,0,37,2,699,1,87
Falcon Safe,Manufacturing,Malaysia,1,1,0,1,0,1,0,1,0,2,1,0,1,0,0,0,2,2717,1,84
QuantScape Asset Management,Financial Services,United States,1,0,1,1,1,1,1,1,1,2,1,1,2,1,0,19,2,1099,1,87
Zenjob,Administrative Services,Germany,1,1,1,1,1,1,1,1,1,2,1,2,3,5,0,10,2,1245,1,89
GEVAS,Financial Services,Germany,1,0,1,1,1,1,1,1,1,2,1,0,1,2,0,18,2,720,1,86
Best Smartphone,Hardware,India,1,0,0,1,0,1,0,1,0,0,0,2,1,2,0,14,2,1235,1,0
Pulmonary Apps,Health Care,United States,1,1,0,1,1,1,1,1,0,2,1,0,1,0,0,13,2,816,1,86
The Healthcare City,Health Care,Portugal,1,0,1,1,1,1,0,1,0,2,1,0,1,1,0,9,2,691,1,86
Interblend,Financial Services,India,1,0,1,1,1,1,1,1,1,2,1,2,1,1,0,9,2,199,1,86
Money Mart,Apps,United States,1,1,1,1,1,1,1,1,1,2,1,7,2,7,0,46,2,471,1,93
Buy Yo Dirt,Other,United States,1,0,0,1,1,1,1,1,1,2,1,2,1,2,0,0,2,344,1,85
Dagon Aquaculture,Agriculture and Farming,Israel,1,0,1,1,1,1,1,1,1,2,1,0,1,3,0,47,2,143,1,87
Way-Tech Process Solutions,Manufacturing,Canada,1,0,1,1,1,1,1,1,1,2,1,3,1,1,0,38,2,705,1,88
FM Consulting International,Financial Services,Bangladesh,1,1,1,1,1,1,0,1,1,2,1,6,1,1,0,10,2,1942,1,91
Talensy,Administrative Services,United States,1,0,1,1,0,1,0,1,1,0,0,0,1,1,0,9,2,1218,1,0
portinvest,Professional Services,Ukraine,1,0,1,1,1,1,1,1,1,2,1,2,1,6,0,15,2,308,1,88
AquaHarvest,Agriculture and Farming,United States,1,0,1,1,1,1,1,1,0,2,1,2,2,2,0,9,2,377,1,87
atomy network marketing,Advertising,Canada,1,0,0,1,1,1,0,1,0,2,1,2,2,4,0,16,2,764,1,88
Stair Star,Commerce and Shopping,Canada,1,0,1,1,1,1,1,1,0,2,1,3,1,3,0,19,2,348,1,88
Obsidian Property Management,Real Estate,Canada,1,0,1,1,1,1,0,1,0,2,1,2,1,2,0,13,2,721,1,88
Optical Entertainment Network,Media and Entertainment,United States,1,0,0,1,1,1,0,1,0,0,0,0,1,1,0,20,2,2717,1,4
Domino Creative,Design,United States,1,0,0,1,1,1,0,1,1,2,1,2,1,2,0,18,2,1099,1,87
DREEBIT,Manufacturing,Germany,1,0,1,1,1,1,1,1,1,2,1,2,1,3,0,19,2,441,1,87
Photon Studio,Content and Publishing,United States,1,0,1,1,1,1,1,1,1,2,1,1,1,1,0,8,2,393,1,85
Schatt Hesser McGraw,Real Estate,United States,1,0,0,1,1,1,0,1,0,2,1,0,1,0,0,14,2,564,1,85
Silva Consultants,Education,United States,1,1,1,1,1,1,1,1,1,2,1,2,1,1,0,40,2,1064,1,89
Wagr,Apps,United States,1,1,1,1,0,1,1,1,0,0,0,2,3,1,0,5,2,425,1,0
Gather restaurant group,Food and Beverage,United States,1,0,1,1,1,1,1,1,1,2,1,0,1,4,0,11,2,714,1,87
Cinemat,Commerce and Shopping,United States,1,1,1,1,1,1,1,1,1,2,1,7,2,2,0,31,2,880,1,91
Dash,Commerce and Shopping,Saudi Arabia,1,1,1,1,0,1,1,1,0,2,1,0,2,2,0,5,2,412,1,82
Modra Ideja,Design,Slovenia,1,1,1,1,1,1,0,1,1,2,1,2,1,1,0,0,2,2220,1,89
Humley,Administrative Services,United Kingdom,1,1,1,1,0,1,1,1,1,2,1,1,2,2,0,11,2,399,1,82
OTI Communications,Content and Publishing,United States,1,0,1,1,1,1,1,1,1,2,1,1,1,2,0,24,2,917,1,87
Galaxy Informatica,Data and Analytics,India,1,0,1,1,1,1,1,1,1,2,1,2,1,2,0,0,2,518,1,86
SchoolNow,Apps,United States,1,1,1,1,1,1,0,1,1,1,1,0,2,2,0,26,2,524,1,87
Lunar Biopharma,Health Care,India,1,1,1,1,1,1,1,1,1,2,1,2,1,2,0,14,2,517,1,87
Wazoo Sports,Sports,United States,1,0,0,1,1,1,0,1,0,0,0,0,2,2,0,18,2,340,1,0
Travel Medicine Advice,Health Care,Germany,1,0,0,1,1,1,0,1,1,2,1,0,1,1,0,0,2,754,1,84
Dennis Kenny,Other,United States,1,1,1,1,1,1,1,1,1,2,1,0,1,1,0,31,2,1433,1,88
City Brokerage,Financial Services,Bangladesh,1,0,1,1,1,1,1,1,1,2,1,2,1,3,0,16,2,413,1,87
RyR Lubricantes,Commerce and Shopping,Colombia,1,0,1,1,1,1,1,1,1,2,1,2,1,3,0,40,2,218,1,88
Shenzhen Qianhai Rengong Zhineng Liuhao Touzi,,China,0,0,0,1,0,1,0,1,0,2,1,0,1,0,0,9,0,692,0,78
Medexa,Financial Services,Hong Kong,1,0,1,1,1,1,1,1,1,2,1,3,1,4,0,26,2,623,1,89
AP CHEM,Commerce and Shopping,United States,1,1,1,1,0,1,1,1,1,2,1,0,2,1,0,5,2,175,1,80
Nakoa Digital GmbH,Advertising,Germany,1,1,1,1,0,1,1,1,1,2,1,0,1,0,0,7,2,1145,1,82
StyleReply,Commerce and Shopping,Italy,1,1,1,1,0,1,0,1,1,0,0,1,1,1,0,9,2,665,1,0
Usawikiservices,Content and Publishing,United States,1,0,0,1,1,1,1,1,1,2,1,0,1,3,0,20,2,715,1,86
Golden Pond Communities,Health Care,United States,1,0,1,1,1,1,1,1,1,2,1,0,1,0,0,0,2,721,1,85
Advantage Feeders,Agriculture and Farming,Australia,1,1,1,1,1,1,1,1,1,2,1,2,1,2,0,15,2,1421,1,89
Heuristech,Energy,France,1,0,1,1,0,1,0,1,0,2,1,0,2,1,0,7,2,1649,1,83
Dong A Paint,Manufacturing,Vietnam,1,0,0,1,1,1,1,1,1,3,1,2,1,0,2,19,2,867,1,84
Dutch-Pyro.nl,Commerce and Shopping,The Netherlands,1,0,0,1,1,1,0,1,1,2,1,1,1,1,0,15,2,1868,1,87
Mobile Battery Solutions,Consumer Electronics,United States,1,1,1,1,1,1,0,1,1,2,1,0,1,2,0,0,2,944,1,86
Softicon,Information Technology,Poland,1,0,1,1,1,1,1,1,1,2,1,2,1,1,0,12,2,455,1,86
Century,Community and Lifestyle,United States,1,1,1,1,1,1,1,1,1,2,1,0,1,6,0,21,2,1084,1,89
Buró Games,Community and Lifestyle,Argentina,1,0,1,1,1,1,1,1,1,2,1,2,1,2,0,12,2,698,1,87
Reality Zero One,Hardware,United Kingdom,1,1,1,1,0,1,1,1,0,2,1,2,2,2,0,10,2,384,1,83
PERC360,Content and Publishing,United States,1,1,1,1,0,1,0,1,1,2,1,2,1,2,0,8,2,917,1,83
Azidus,Biotechnology,India,1,0,1,1,0,1,0,1,0,2,1,7,2,0,0,0,2,721,1,85
TunerStop,Commerce and Shopping,United Arab Emirates,1,0,1,1,1,1,1,1,1,2,1,2,1,2,0,7,2,713,1,87
Be Beauteous,Consumer Goods,United States,1,0,1,1,1,1,1,1,0,2,1,0,1,0,0,0,2,917,1,86
Need More Time,Information Technology,United Kingdom,1,1,1,1,1,1,1,1,1,2,1,0,1,2,0,23,2,1408,1,88
Amber Waves Software,Information Technology,United States,1,0,1,1,1,1,0,1,0,2,1,2,1,1,0,36,2,1854,1,90
Carrington College,Education,United States,1,1,1,1,1,1,0,1,1,1,1,0,2,7,0,58,0,721,1,91
The Dominguez Firm,Professional Services,United States,1,1,1,1,1,1,1,1,1,2,1,2,2,4,0,38,2,1099,1,90
BrandLX,Commerce and Shopping,United States,1,1,0,1,0,1,0,1,0,2,1,0,1,0,0,0,2,2079,1,83
GemTalk Systems,Software,United States,1,0,1,1,1,1,0,1,1,2,1,2,1,2,0,43,2,721,1,88
VARA,Consumer Electronics,Italy,1,0,1,1,1,1,1,1,1,2,1,2,1,2,0,37,2,721,1,88
plan.nr,Professional Services,United Kingdom,1,0,1,1,0,1,0,1,1,2,1,1,1,1,0,14,2,362,1,81
BrandSure,Health Care,United States,0,0,1,1,0,1,0,1,0,2,1,0,1,1,0,19,0,305,1,80
Eurotec,Manufacturing,Germany,1,0,1,1,1,1,1,1,1,2,1,2,1,2,0,0,2,721,1,87
Hertitage Homecare,Data and Analytics,United States,1,0,1,1,1,1,1,1,1,2,1,3,2,2,0,24,2,721,1,88
TekStak Solutions,Education,United States,1,0,1,1,1,1,1,1,1,2,1,2,1,2,0,5,2,144,1,86
Reynolds Dental Practice,Health Care,United States,1,0,0,1,1,1,1,1,1,2,1,0,1,1,0,74,2,1163,1,88
22Fresh,Clothing and Apparel,Canada,1,1,1,1,1,1,1,1,1,2,1,3,2,3,0,0,2,803,1,88
DC Green Bank,Financial Services,United States,1,1,1,1,1,1,0,1,1,2,1,0,2,1,0,7,1,1470,1,87
The Transition Strategists,Professional Services,United States,1,1,1,1,0,1,0,1,1,2,1,0,1,1,0,17,2,1189,1,83
Online Drogisterij,Commerce and Shopping,The Netherlands,1,0,0,1,1,1,0,1,1,2,1,0,1,0,0,0,2,1754,1,86
Qacci,Design,United States,1,1,0,1,1,1,1,1,1,2,1,2,1,2,0,18,2,620,1,87
Enline PLC.,Information Technology,United Kingdom,1,1,1,1,1,1,0,1,1,1,1,0,1,2,0,40,2,2717,1,92
CamFlor,Agriculture and Farming,United States,1,1,1,1,1,1,1,1,1,2,1,7,1,3,0,0,2,902,1,90
Autotrasporti Turati Ovidio,Commerce and Shopping,Italy,1,0,1,1,1,1,1,1,1,2,1,2,1,2,0,71,2,732,1,89
Dubbing Brothers,Media and Entertainment,France,1,0,1,1,1,1,0,1,0,2,1,3,2,2,0,36,2,721,1,89
SkyBook Digital,Advertising,India,1,1,1,1,0,1,0,1,0,2,1,0,1,2,0,5,0,484,1,82
TBWA\ Africa,Content and Publishing,South Africa,1,0,0,1,1,1,0,1,1,0,0,4,1,5,0,42,2,627,1,4
IntranetConnect,Administrative Services,The Netherlands,1,1,1,1,1,1,0,1,1,2,1,0,1,1,0,13,2,1894,1,88
REO America,Financial Services,United States,1,0,1,1,1,1,0,1,1,2,1,2,2,1,0,21,2,113,1,86
Winteam,Commerce and Shopping,France,1,0,0,1,1,1,0,1,1,2,1,1,1,1,0,25,2,1793,1,88
TechForge Media Ltd.,Advertising,United Kingdom,1,1,1,1,1,1,0,1,1,2,1,2,2,2,0,11,2,2311,1,90
CEP Consultants,Financial Services,United States,1,0,1,1,1,1,1,1,1,2,1,0,2,2,0,54,2,879,1,88
Saint Elizabeth College of Nursing,,United States,1,1,0,1,1,1,0,1,0,2,1,0,1,0,0,0,0,2653,0,87
Tria,Design,Ukraine,1,0,0,1,1,1,0,1,1,2,1,0,1,2,0,22,2,1938,1,88
Stony Creek Congregational Church,Community and Lifestyle,United States,1,0,0,1,1,1,1,1,1,2,1,0,1,1,0,11,1,935,1,85
R.C. Macdonald,Commerce and Shopping,New Zealand,1,0,0,1,1,1,1,1,0,2,1,2,1,2,0,74,2,1362,1,90
Bonnie Jean,Clothing and Apparel,United States,1,1,1,1,1,1,0,1,1,2,1,2,2,2,0,90,2,721,1,90
MartinJAY Digital,Advertising,United States,1,0,0,1,1,1,0,1,0,0,0,2,1,3,0,21,2,1233,1,3
Strattix,Administrative Services,Canada,1,1,1,1,1,1,1,1,1,2,1,2,1,2,0,9,2,999,1,88
iStory,Apps,United States,1,1,1,1,1,1,1,1,0,2,1,0,1,1,0,6,2,414,1,86
Quantum One Realty,Real Estate,United States,1,1,0,1,1,1,1,1,0,2,1,2,2,1,0,18,2,1012,1,88
Key Insurance Group,Financial Services,Australia,1,0,1,1,1,1,0,1,1,2,1,2,1,1,0,12,2,1077,1,87
24foodservice,Food and Beverage,The Netherlands,1,0,1,1,1,1,0,1,1,2,1,0,1,2,0,14,2,1902,1,88
Superior Wire & Metal Specialties,Manufacturing,United States,1,0,1,1,1,1,1,1,0,2,1,3,1,3,0,40,2,895,1,90
C&C Professional Painters,Real Estate,United States,1,0,0,1,1,1,0,1,1,2,1,2,1,2,0,0,2,1632,1,87
MH3 Collective,Professional Services,Canada,1,0,1,1,0,1,0,1,1,2,1,0,2,0,0,0,0,1105,1,81
Doers Empire Media (Pvt) LTD,Advertising,Pakistan,1,0,1,1,1,1,1,1,1,2,1,0,2,1,0,7,2,1492,1,87
The Health & Home Care Training Center,Education,United States,1,0,1,1,1,1,0,1,1,2,1,2,1,1,0,13,2,949,1,87
Iboris,Apps,Bulgaria,1,0,1,1,1,1,1,1,1,2,1,0,1,2,0,13,2,1104,1,87
VobeSoft,Information Technology,The Netherlands,1,0,1,1,1,1,0,1,1,2,1,0,2,1,0,12,2,1030,1,86
Formations,Commerce and Shopping,United States,1,1,0,1,1,1,1,1,1,2,1,2,1,2,0,0,2,119,1,85
Kemp 3D,Hardware,United States,1,1,1,1,1,1,0,1,1,2,1,0,1,1,0,9,2,726,1,86
NCR Voyix - Digital Banking Business,Commerce and Shopping,United States,0,0,0,1,0,1,0,1,0,1,1,0,2,0,0,0,0,340,1,79
PhiSystems,Data and Analytics,Brazil,1,1,1,1,1,1,0,1,1,2,1,2,1,2,0,0,2,721,1,87
Brubaker Chrysler Jeep,Financial Services,United States,1,1,1,1,1,1,0,1,1,2,1,2,1,2,0,0,2,899,1,87
FoundationCapital,Financial Services,United States,1,0,1,1,1,1,0,1,1,2,1,0,1,1,0,0,2,957,1,85
TT Nyhetsbyran AB,Content and Publishing,Sweden,1,1,1,1,1,1,0,1,1,2,1,4,2,5,0,104,2,2220,1,96
St. Christophers Addiction Wellness Center,Health Care,United States,1,0,1,1,0,1,0,1,0,2,1,0,1,3,0,29,2,851,1,84
Civil Matrix Contracting,Other,United Arab Emirates,1,1,0,1,1,1,1,1,1,2,1,2,1,2,0,0,2,708,1,86
Flower by Dogpatch Tech,Internet Services,United States,1,1,1,1,1,1,0,1,1,2,1,2,2,1,0,14,2,2220,1,90
Acctax Business Solution,Financial Services,India,1,0,0,1,1,1,1,1,1,2,1,0,1,1,0,0,2,623,1,84
Comfisoft,Information Technology,The Netherlands,1,1,1,1,1,1,0,1,1,2,1,0,1,2,0,11,2,1441,1,88
Digital Imagery Innovations,Data and Analytics,United States,1,0,1,1,1,1,1,1,1,2,1,2,1,2,0,12,2,157,1,86
Affinity Property Management,Real Estate,United States,1,0,1,1,1,1,1,1,1,2,1,2,1,1,0,10,2,141,1,86
Complete Dental Care,Health Care,United States,1,0,0,1,1,1,1,1,1,2,1,3,1,1,0,0,2,1028,1,87
Party Booths,Commerce and Shopping,United States,1,1,1,1,1,1,0,1,1,2,1,0,2,0,0,20,2,721,1,86
PGS,Commerce and Shopping,Colombia,1,1,1,1,1,1,1,1,1,2,1,2,1,2,0,14,2,441,1,87
Belt Sistemas,Apps,Brazil,1,1,1,1,1,1,0,1,1,2,1,2,1,2,0,17,2,567,1,87
Visions,,France,1,1,1,1,0,1,1,1,1,2,1,0,1,1,0,8,2,1378,0,81
ALEA,Apps,The Netherlands,1,0,1,1,1,1,1,1,1,2,1,0,2,2,0,8,2,1245,1,87
Generative Engineering,Artificial Intelligence (AI),United Kingdom,1,0,1,1,0,1,1,1,1,2,1,2,3,2,0,4,0,608,1,82
Parlance,Artificial Intelligence (AI),United States,1,0,1,1,1,1,1,1,1,2,1,2,2,2,0,29,2,487,1,87
Sequential,Content and Publishing,United States,1,1,1,1,1,1,1,1,0,2,1,2,1,2,0,30,2,943,1,89
Memphis Urban League Young Professionals,Community and Lifestyle,United States,1,1,1,1,1,1,1,1,1,2,1,2,2,1,0,0,1,970,1,87
RealStock Realty,Real Estate,United States,1,1,1,1,1,1,0,1,1,0,0,2,1,1,0,41,2,706,1,3
Code Symphony,Apps,India,1,0,1,1,0,1,1,1,1,2,1,2,1,2,0,6,2,290,1,82
Munz Rechtsanwalte,Media and Entertainment,Germany,1,0,1,1,1,1,0,1,1,2,1,0,1,0,0,41,2,762,1,86
CBCAtlantic,Real Estate,United States,1,1,1,1,1,1,0,1,1,2,1,2,1,2,0,39,2,525,1,88
Bleecker Automotive Group,Other,United States,1,1,1,1,1,1,0,1,0,2,1,3,1,4,0,87,2,1032,1,93
H&B Elevators,Design,United States,1,0,1,1,1,1,0,1,1,2,1,4,1,4,0,104,2,1216,1,93
Proodeftikh Technical Co,,Greece,1,0,0,1,0,1,1,1,0,3,1,2,1,1,2,65,2,883,0,81
Big League Consulting,Advertising,United States,1,1,1,1,1,1,0,1,1,0,0,3,1,1,0,9,2,376,1,2
DSC Products,Commerce and Shopping,United States,1,0,1,1,1,1,1,1,1,2,1,2,2,2,0,42,2,1165,1,89
Bahe Farnsley Advisors,Community and Lifestyle,United States,1,1,1,1,1,1,1,1,0,2,1,0,1,1,0,10,2,1099,1,87
Heinz Müller,Professional Services,Germany,1,0,1,1,1,1,1,1,1,2,1,0,1,0,0,79,2,754,1,88
Gladiator Cornhole Gear,Commerce and Shopping,United States,1,1,1,1,0,1,0,1,1,2,1,0,1,1,0,8,2,732,1,81
CASTIS,Advertising,South Korea,1,0,1,1,1,1,1,1,1,2,1,0,1,4,0,25,2,1037,1,88
Lois Lauer Realty,Real Estate,United States,1,1,1,1,1,1,0,1,1,2,1,2,1,1,0,49,2,342,1,88
Synapse,Health Care,United States,1,1,0,1,0,1,0,1,0,2,1,4,1,1,0,10,2,1037,1,84
Advantage Resourcing,Administrative Services,United States,1,1,1,1,1,1,0,1,0,2,1,5,2,6,0,56,2,764,1,93
Bioforest,Agriculture and Farming,Italy,1,0,1,1,1,1,0,1,1,2,1,0,1,2,0,27,2,735,1,87
Hobbygroep,Commerce and Shopping,The Netherlands,1,0,0,1,1,1,0,1,1,2,1,1,1,1,0,11,2,1762,1,87
Cihan Bank,Financial Services,Iraq,1,1,1,1,1,1,0,1,1,2,1,2,1,5,0,17,2,1134,1,90
Silverline Hospital,Health Care,India,1,1,1,1,1,1,0,1,1,2,1,0,1,5,0,18,2,1149,1,89
MadeTask,Financial Services,Cyprus,1,0,1,1,1,1,0,1,1,2,1,0,2,2,0,0,2,309,1,85
Range Zone Technologies,Information Technology,United Arab Emirates,1,0,1,1,1,1,1,1,1,2,1,2,1,2,0,7,2,713,1,87
AA&R Investment Group,Financial Services,Nigeria,1,0,1,1,1,1,1,1,1,2,1,2,1,3,0,8,0,258,1,86
Liberty Partners,Manufacturing,United States,1,1,1,1,1,1,1,1,1,2,1,2,2,2,0,22,2,962,1,88
Sap-Tec,Design,Israel,1,0,0,1,1,1,0,1,0,2,1,0,1,1,0,9,2,2024,1,88
QuizHub,Events,India,1,0,1,1,1,1,1,1,1,2,1,0,1,2,0,6,2,869,1,86
Industrial Hydraulics,Design,United States,1,0,1,1,1,1,1,1,1,2,1,2,1,2,0,56,2,1018,1,89
Andes Electric,Consumer Electronics,Japan,1,0,1,1,1,1,1,1,0,2,1,3,1,5,0,54,2,1585,1,93
IMS ASIA,Education,Malaysia,1,0,1,1,1,1,0,1,1,2,1,0,1,1,0,28,2,1100,1,87
Ludibuk,Content and Publishing,Chile,1,1,1,1,0,1,0,1,1,0,0,0,2,1,0,9,2,1850,1,0
Bishop Invest,Professional Services,United States,1,0,1,1,0,1,1,1,0,2,1,0,1,1,0,0,2,1362,1,83
Hudson-Leramo Beverage Group,Food and Beverage,United States,1,0,1,1,1,1,0,1,1,2,1,2,1,2,0,30,2,1093,1,88
First Medcare,Health Care,United States,1,1,1,1,1,1,1,1,1,2,1,0,1,4,0,0,2,1026,1,87
K & K Tax Services,Financial Services,United States,1,0,0,1,1,1,0,1,1,2,1,1,1,0,0,0,2,1484,1,86
Tough Shirts,Clothing and Apparel,United States,1,1,1,1,1,1,1,1,1,2,1,1,1,2,0,18,2,1153,1,88
Aqualateral,,United States,1,1,1,1,0,1,0,1,0,2,1,0,2,1,0,0,0,111,0,79
CNS,Food and Beverage,Italy,1,1,1,1,1,1,1,1,1,2,1,3,1,3,0,48,2,739,1,90
Lunker Lure,Commerce and Shopping,United States,1,0,0,1,1,1,1,1,1,2,1,2,2,2,0,25,2,790,1,87
Premium Ware,Financial Services,United States,1,0,0,1,1,1,1,1,0,2,1,2,2,1,0,28,2,811,1,87
Rizer,Information Technology,United States,1,1,1,1,0,1,1,1,0,2,1,0,2,1,0,6,2,322,1,81
Dehlawi Optical,Commerce and Shopping,Saudi Arabia,1,1,1,1,1,1,1,1,1,2,1,0,2,5,0,46,2,1279,1,90
Tolomeo Bank International,Financial Services,Puerto Rico,1,0,0,1,1,1,1,1,0,2,1,2,2,2,0,0,2,267,1,86
Euro Salt,Commerce and Shopping,Turkey,1,1,1,1,1,1,1,1,1,2,1,2,2,3,0,0,2,335,1,87
Kyle Insurance & Financial Solutions,Administrative Services,United States,1,0,1,1,1,1,0,1,0,2,1,2,1,1,0,0,2,446,1,86
Formality Real Estate,Financial Services,United States,1,0,1,1,1,1,1,1,1,2,1,2,2,2,0,23,2,820,1,88
Network Advisor Q,Information Technology,United States,1,1,1,1,1,1,1,1,1,2,1,2,1,1,0,8,2,1436,1,88
SpringSoft,Consumer Electronics,United States,1,1,0,1,0,1,0,1,0,0,0,0,2,5,0,29,2,1679,1,0
Vice App,Advertising,Vietnam,1,0,0,1,0,1,0,1,0,0,0,2,1,2,0,11,2,1216,1,0
Healthagy,Health Care,United States,1,1,1,1,1,1,0,1,0,2,1,0,1,2,0,13,2,720,1,87
Quikey,Information Technology,United States,1,1,1,1,0,1,0,1,0,2,1,3,2,1,0,11,2,764,1,84
Oruga Studio,Advertising,Peru,1,0,1,1,1,1,0,1,1,2,1,0,1,2,0,25,2,958,1,87
CISO Global,Consumer Electronics,United States,1,1,1,1,1,1,0,1,0,3,1,4,4,5,2,6,2,466,1,87
Alex Wright Web Design and SEO,Design,United States,0,1,0,1,1,1,1,1,0,0,0,0,1,0,0,0,2,1314,1,0
Arkigest,Administrative Services,Italy,1,0,1,1,1,1,1,1,1,2,1,3,1,7,0,11,2,1266,1,91
CashSystems,Commerce and Shopping,Switzerland,1,0,1,1,1,1,0,1,1,2,1,1,1,1,0,26,2,720,1,87
Geek Inc Comics,Commerce and Shopping,United States,1,0,0,1,1,1,1,1,1,2,1,1,1,1,0,12,2,383,1,85
Farmacie Italiane,Health Care,Italy,1,0,1,1,1,1,1,1,1,2,1,2,2,6,0,7,2,872,1,89
MAT,Consumer Electronics,Japan,1,0,1,1,1,1,1,1,1,2,1,2,1,2,0,24,2,1726,1,89
TotalBank,Financial Services,United States,1,1,1,1,1,1,0,1,0,1,1,3,2,5,0,51,2,601,1,92
Cook Taylor Woodhouse Solicitors,Professional Services,United Kingdom,1,0,1,1,1,1,0,1,1,1,1,0,1,4,0,12,2,721,1,88
Ad-Experience,Advertising,Israel,1,0,1,1,0,1,1,1,1,2,1,2,1,2,0,8,2,694,1,82
News 12 New Jersey,Content and Publishing,United States,1,1,1,1,1,1,0,1,1,2,1,0,1,3,0,39,2,819,1,88
Eclipse Yacht Furnishings,Consumer Goods,United States,1,0,1,1,1,1,1,1,1,2,1,2,1,2,0,47,2,882,1,89
Kin Home,Energy,United States,1,0,1,1,0,1,1,1,1,2,1,1,2,3,0,5,2,494,1,82
KD Fasteners,Manufacturing,United States,1,0,1,1,1,1,0,1,0,2,1,2,2,1,0,38,2,811,1,88
Arcostruc,Real Estate,India,1,0,1,1,1,1,0,1,1,2,1,0,1,0,0,0,2,720,1,85
Ryazantsev & Partners,Financial Services,Russian Federation,1,0,1,1,1,1,1,1,1,2,1,2,1,2,0,12,2,441,1,87
ServLogi,Design,United States,1,0,1,1,1,1,1,1,1,2,1,0,2,6,0,12,2,396,1,87
The Health Insurance Specialists,Administrative Services,United Kingdom,1,1,1,1,1,1,0,1,1,2,1,0,2,4,0,18,2,1140,1,88
Datresa Asesores,Financial Services,Spain,1,0,1,1,1,1,1,1,1,2,1,2,1,1,0,16,2,701,1,87
TRYGR.,Advertising,France,1,1,1,1,0,1,1,1,1,1,1,0,2,1,0,5,2,1060,1,83
Aging in Home Technology,Health Care,United States,1,0,1,1,0,1,0,1,0,2,1,2,1,1,0,0,2,855,1,83
Heritage NW Property Management,Commerce and Shopping,United States,1,0,1,1,1,1,1,1,1,2,1,0,1,0,0,33,2,888,1,86
Texas Tamale,Food and Beverage,United States,1,1,1,1,1,1,1,1,1,2,1,2,2,2,0,40,2,1417,1,90
Servisport,Consumer Electronics,Czech Republic,1,0,0,1,1,1,0,1,1,2,1,1,1,1,0,29,2,1883,1,88
HighWired.com,Education,United States,1,0,0,1,0,1,0,1,0,0,0,0,1,0,0,27,2,372,1,0
Stokes Automotive,Financial Services,United States,1,1,1,1,1,1,1,1,1,2,1,2,1,3,0,92,2,999,1,91
Chiltern Vital Group,Community and Lifestyle,United Kingdom,1,0,0,1,0,1,0,1,1,2,1,0,1,0,0,0,2,288,1,79
HCS Medienwerk,Design,Germany,1,0,1,1,1,1,1,1,1,2,1,2,1,3,0,11,2,761,1,87
Goldhelm Chocolate,Commerce and Shopping,Germany,1,0,1,1,1,1,1,1,1,2,1,0,1,3,0,20,2,750,1,87
IdentiGEN,Agriculture and Farming,Ireland,1,1,1,1,1,1,1,1,1,2,1,2,2,3,0,29,2,404,1,88
Hrk Foundation,Financial Services,United States,1,0,0,1,1,1,0,1,1,2,1,1,1,0,0,63,2,1419,1,88
kandu finance solutions,Financial Services,Philippines,1,0,1,1,1,1,1,1,1,2,1,2,1,1,0,0,2,1005,1,87
Australian Pharmacy Group,Financial Services,Australia,1,0,1,1,1,1,0,1,1,2,1,0,1,1,0,14,2,1099,1,86
Fluidra,Natural Resources,Spain,1,1,1,1,1,1,1,1,1,3,1,7,3,8,2,56,2,1020,1,92
OmniBridge Solutions,Apps,India,1,1,1,1,1,1,1,1,1,1,1,2,2,1,0,20,2,1053,1,89
"Utis Co., Ltd.",Manufacturing,South Korea,1,0,0,1,1,1,0,1,0,1,1,0,2,0,0,20,2,118,1,85
Volexity,Internet Services,United States,1,1,1,1,1,1,0,1,1,2,1,1,2,2,0,12,2,764,1,87
Moodco,Food and Beverage,Indonesia,1,0,1,1,0,1,0,1,0,2,1,0,1,1,0,5,2,721,1,82
Parex Industries,Commerce and Shopping,New Zealand,1,0,1,1,1,1,0,1,1,2,1,7,1,2,0,59,2,859,1,92
Multicolor Print,Content and Publishing,Switzerland,1,0,1,1,1,1,1,1,1,2,1,4,1,4,0,33,2,1163,1,90
Medipost,Biotechnology,South Korea,1,0,0,1,1,1,1,1,0,2,1,3,3,3,0,25,2,518,1,88
Jamnagar Transport Co.,Other,India,1,0,1,1,1,1,1,1,1,2,1,2,1,2,0,0,2,626,1,86
4Net Networking,Consumer Electronics,United States,1,1,1,1,1,1,0,1,1,2,1,2,2,2,0,26,2,1099,1,89
Load-Me,Transportation,United Arab Emirates,1,1,1,1,1,1,1,1,1,2,1,2,2,2,0,11,2,2220,1,90
Develop App,Information Technology,Colombia,1,0,1,1,1,1,1,1,1,2,1,1,1,2,0,0,2,507,1,86
Hunt Club,Commerce and Shopping,Australia,1,0,0,1,1,1,0,1,1,2,1,3,1,1,0,11,2,307,1,86
Byron L. Reintjes,Health Care,United States,1,0,1,1,1,1,1,1,1,2,1,2,1,1,0,0,2,879,1,86
Cross Border Financial Research,Biotechnology,India,1,1,1,1,1,1,0,1,0,2,1,0,1,2,0,20,2,2038,1,90
Frontier Design Group,Media and Entertainment,United States,1,1,1,1,0,1,0,1,0,2,1,3,2,2,0,30,2,671,1,85
INK srl,Clothing and Apparel,Italy,1,0,1,1,1,1,0,1,1,2,1,0,2,2,0,14,2,741,1,86
Psycho Bear Studios,Gaming,United States,1,0,0,1,1,1,0,1,0,2,1,1,1,1,0,0,2,796,1,86
Quantum Environmental & Engineering Services,Other,United States,1,1,1,1,1,1,1,1,1,2,1,0,1,2,0,22,2,1419,1,88
UltiMAK,Commerce and Shopping,United States,1,0,1,1,1,1,1,1,1,2,1,2,2,2,0,35,2,321,1,87
Treefera,Artificial Intelligence (AI),United Kingdom,1,0,1,1,0,1,1,1,1,2,1,2,3,2,0,3,2,411,1,82
Savadelis Films,Events,United States,1,0,0,1,1,1,0,1,1,2,1,0,1,2,0,20,2,1127,1,86
Planning Capital Management,Financial Services,United States,1,0,1,1,1,1,1,1,0,1,1,2,1,2,0,18,2,721,1,89
Chambers Federation,Financial Services,Kenya,1,1,1,1,0,1,1,1,1,2,1,0,1,2,0,29,2,897,1,83
Hulsbosch,Advertising,Australia,1,1,1,1,1,1,0,1,1,2,1,1,1,2,0,43,2,1149,1,89
99Bridges,Information Technology,United States,1,1,1,1,0,1,1,1,1,2,1,0,2,1,0,6,2,879,1,82
limetrees,Commerce and Shopping,Germany,1,0,1,1,0,1,0,1,1,2,1,0,1,1,0,18,2,747,1,81
Freers Askew Bunting Solicitors,Financial Services,United Kingdom,1,1,1,1,1,1,1,1,1,2,1,3,1,3,0,0,2,867,1,88
CiF Lab Solutions,Design,Canada,1,0,1,1,1,1,0,1,1,2,1,3,2,5,0,56,2,1480,1,92
"VsitaNet Co., Ltd.",Information Technology,Japan,1,0,0,1,1,1,0,1,0,2,1,0,1,3,0,0,2,1494,1,87
JET Marketing Agency,Advertising,United States,1,1,1,1,1,1,1,1,1,2,1,7,1,1,0,17,2,113,1,89
Briggs & Associates,Administrative Services,United States,1,0,1,1,1,1,1,1,0,2,1,2,1,1,0,36,2,720,1,88
Sedona,Administrative Services,Hong Kong,1,0,1,1,1,1,1,1,1,2,1,2,1,2,0,13,2,689,1,87
Forward Financial Services,Financial Services,United States,1,0,1,1,1,1,1,1,0,2,1,2,1,1,0,0,2,441,1,86
Naiko Personal Computers,Consumer Electronics,Australia,1,0,0,1,1,1,0,1,0,2,1,0,1,1,0,36,2,147,1,85
LAS Digital Agency,Internet Services,United States,1,1,1,1,1,1,1,1,1,2,1,2,2,2,0,21,2,572,1,87
Ningjin Huanyu Fitness Co.,Commerce and Shopping,China,1,0,1,1,1,1,1,1,1,2,1,2,1,2,0,18,2,519,1,87
AVS Systems Inc,Financial Services,United States,1,1,1,1,1,1,0,1,0,1,1,0,2,1,0,18,2,2312,1,91
Zox,Clothing and Apparel,United States,1,1,1,1,0,1,0,1,1,2,1,2,2,2,0,15,2,845,1,83
Xcel Fence,Commerce and Shopping,United States,1,1,1,1,1,1,1,1,1,2,1,7,1,1,0,35,2,441,1,90
fitnessdigital,Commerce and Shopping,Spain,1,1,1,1,1,1,1,1,1,2,1,3,2,2,0,19,2,1111,1,89
RUWEVA,Clothing and Apparel,The Netherlands,1,0,0,1,0,1,0,1,0,2,1,1,1,1,0,13,2,1742,1,84
Eoffice,Apps,Japan,1,0,0,1,1,1,1,1,0,2,1,0,1,0,0,7,2,314,1,84
MVGR College of Engineering,Education,India,1,0,1,1,1,1,0,1,0,2,1,0,1,5,0,28,0,211,1,88
KVC Group,Internet Services,United States,1,0,0,1,1,1,1,1,1,2,1,2,1,2,0,0,2,774,1,86
Turke Advanced Dental Arts,Health Care,United States,1,0,1,1,1,1,1,1,1,2,1,0,1,1,0,0,2,1068,1,86
Syptus Marketing Solutions,Sales and Marketing,India,1,1,1,1,1,1,0,1,1,2,1,0,1,2,0,10,2,2092,1,89
Freedom Financial Services,Financial Services,Czech Republic,1,0,1,1,1,1,1,1,1,2,1,0,1,3,0,28,2,1029,1,88
WAHO Werkzeug- und Maschinenhandelsgesellschaft,Commerce and Shopping,Germany,1,0,0,1,1,1,1,1,1,2,1,1,1,1,0,0,2,442,1,84
Semitorr Associates,Consumer Electronics,United States,1,0,1,1,1,1,1,1,1,2,1,2,1,2,0,0,2,419,1,86
Madpools Proyectos,Administrative Services,Spain,1,0,1,1,0,1,1,1,1,2,1,2,1,1,0,7,2,704,1,82
ClaimLinx,Financial Services,United States,1,1,1,1,1,1,0,1,1,2,1,1,2,2,0,21,2,1447,1,88
Spark4Kids,Education,United Kingdom,1,1,1,1,1,1,1,1,1,2,1,2,1,2,0,10,2,841,1,88
Prism Jewellery Design,Consumer Goods,United Kingdom,1,0,1,1,1,1,1,1,1,2,1,2,1,2,0,45,2,839,1,88
Sochacki Communications,Design,United States,1,0,1,1,1,1,0,1,0,2,1,2,1,1,0,15,2,790,1,88
Koumoul,Information Technology,France,1,1,1,1,1,1,1,1,1,2,1,2,1,1,0,8,2,378,1,86
Beabroad,Administrative Services,India,1,1,1,1,1,1,1,1,1,2,1,2,1,2,0,17,2,113,1,87
ABC360,Education,Philippines,1,0,1,1,1,1,1,1,0,2,1,7,2,5,0,14,2,1922,1,94
São Paulo Center,Commerce and Shopping,Brazil,1,1,1,1,1,1,1,1,1,2,1,3,1,3,0,29,2,525,1,89
Wifisnel.nl,Hardware,The Netherlands,1,1,0,1,1,1,0,1,1,2,1,1,1,1,0,9,2,1769,1,87
Hanson ImageWorks,Advertising,United States,1,1,1,1,1,1,1,1,0,2,1,2,1,1,0,0,2,385,1,87
Ivan Martinez Photography,Content and Publishing,United States,1,0,1,1,1,1,1,1,1,2,1,0,1,1,0,17,2,365,1,85
Magellan21,Data and Analytics,United States,1,0,0,1,1,1,0,1,1,2,1,2,1,2,0,0,2,353,1,85
Commonwealth Advertising Agency,Advertising,United States,1,1,0,1,1,1,1,1,1,2,1,2,1,1,0,0,2,267,1,85
"Bryce Ledet, CPA",Financial Services,United States,1,0,1,1,1,1,1,1,0,2,1,2,1,0,0,0,2,887,1,87
Spencer Transportes,Other,Brazil,1,0,0,1,1,1,1,1,1,2,1,3,1,5,0,10,2,607,1,88
Universal Family Care,Financial Services,United States,1,0,0,1,0,1,1,1,0,2,1,2,1,2,0,0,2,538,1,82
Novathings,Commerce and Shopping,France,1,1,1,1,0,1,0,1,1,2,1,2,2,1,0,11,2,859,1,83
IAIA,Education,United States,1,1,1,1,1,1,0,1,1,2,1,2,1,2,0,45,1,913,1,89
Distalmotion,Hardware,Switzerland,1,1,1,1,0,1,1,1,1,2,1,3,4,4,0,13,2,537,1,84
Xpuris,Data and Analytics,Germany,1,0,1,1,1,1,1,1,1,2,1,0,1,1,0,7,2,762,1,85
SocialWin,Internet Services,Spain,1,1,1,1,1,1,0,1,1,2,1,1,2,1,0,12,2,2220,1,89
Endless Horizons,Health Care,Australia,1,0,0,1,1,1,1,1,1,2,1,2,1,2,0,13,1,370,1,86
KLAES,Information Technology,Czech Republic,1,0,1,1,1,1,1,1,1,2,1,0,2,3,0,42,2,1099,1,88
Directopub,Data and Analytics,United States,1,1,1,1,0,1,1,1,1,2,1,2,1,2,0,7,2,441,1,82
RHD Manager,Administrative Services,Luxembourg,1,0,1,1,1,1,1,1,1,2,1,0,1,2,0,4,2,693,1,86
RA Ventures,Design,United States,1,0,0,1,1,1,0,1,1,2,1,1,1,1,0,0,2,1034,1,85
Energy & Environmental Investments,Energy,United States,1,0,1,1,1,1,1,1,1,2,1,0,1,0,0,0,2,721,1,85
Waratah Minerals,Natural Resources,Australia,1,1,1,1,1,1,1,1,0,3,1,1,2,2,2,14,2,365,1,85
NFlow Technologies Pvt. Ltd. - Revolutionize Your Marketing,Advertising,India,1,1,1,1,0,1,1,1,1,2,1,0,2,2,0,8,2,839,1,82
Syatt Media,Commerce and Shopping,Canada,1,0,1,1,1,1,0,1,1,2,1,0,2,2,0,7,2,1176,1,86
General Authority for Real Estate,Government and Military,Saudi Arabia,1,1,1,1,1,1,0,1,1,2,1,4,2,5,0,8,2,306,1,89
Fil Bleu,Commerce and Shopping,France,1,1,1,1,1,1,1,1,1,2,1,4,2,3,0,0,2,113,1,87
FalconBridge Capital Markets,Financial Services,United States,1,0,1,1,1,1,1,1,0,2,1,0,1,1,0,20,2,629,1,86
Aporous,Administrative Services,United States,1,0,1,1,1,1,1,1,1,2,1,3,2,1,0,26,2,721,1,88
Rivulet Communications,Government and Military,United States,1,0,1,1,1,1,0,1,1,1,1,2,2,2,0,21,2,721,1,88
erp.bg,Consumer Electronics,Bulgaria,1,1,1,1,1,1,1,1,1,2,1,0,1,2,0,33,2,1562,1,89
ARTEH,Other,Australia,1,0,1,1,0,1,1,1,1,2,1,0,1,1,0,4,2,642,1,81
GG4Energy,Energy,United States,1,1,1,1,1,1,1,1,1,2,1,2,1,1,0,13,2,340,1,86
MyCityWay,Data and Analytics,United States,1,1,1,1,1,1,0,1,1,2,1,1,2,2,0,16,2,364,1,86
Public Employer Risk Management Association,Financial Services,United States,1,1,1,1,1,1,1,1,1,2,1,0,1,0,0,43,1,721,1,87
Eye Specialists of Delaware,Health Care,United States,1,0,1,1,1,1,0,1,1,2,1,2,1,2,0,0,2,819,1,87
Metaal Flex,Administrative Services,The Netherlands,1,0,1,1,1,1,1,1,1,2,1,4,1,6,0,39,2,1268,1,92
Schola,Education,Singapore,1,0,1,1,1,1,1,1,1,1,1,2,2,5,0,8,2,507,1,89
Saudi Credit Bureau,Financial Services,Saudi Arabia,1,1,1,1,1,1,0,1,1,2,1,2,1,5,0,23,2,1551,1,91
CEDA,Community and Lifestyle,United Kingdom,1,1,1,1,1,1,1,1,1,2,1,2,1,3,0,37,1,229,1,88
Simbal,Manufacturing,United Kingdom,1,0,1,1,1,1,1,1,1,2,1,1,1,1,0,0,2,399,1,85
Medicare Products,Design,United Kingdom,1,1,1,1,1,1,1,1,1,2,1,2,1,2,0,28,2,868,1,88
Straw & Pearce Solicitors,Financial Services,United Kingdom,1,1,1,1,1,1,0,1,1,2,1,3,1,3,0,0,2,866,1,88
Even Keel Realty,Professional Services,United States,1,1,1,1,1,1,1,1,1,2,1,2,2,1,0,20,2,917,1,88
Adaptive insurance,Financial Services,United States,1,0,1,1,1,1,0,1,0,2,1,0,3,1,0,1,2,146,1,85
VFX Resources,Media and Entertainment,United States,1,1,1,1,0,1,0,1,0,2,1,0,1,1,0,8,2,1965,1,84
Web3fied,Blockchain and Cryptocurrency,United States,1,1,0,1,0,1,1,1,1,2,1,0,2,2,0,3,2,117,1,80
StatesOne,Internet Services,France,1,1,1,1,0,1,0,1,1,2,1,0,1,0,0,13,2,1089,1,82
Jabo Supply Corporation,Manufacturing,United States,1,0,1,1,1,1,0,1,0,2,1,0,1,4,0,61,2,1257,1,90
MLsysteme,Design,Germany,1,0,0,1,1,1,0,1,1,2,1,1,1,1,0,20,2,1790,1,87
Career Personnel,Administrative Services,United States,1,1,1,1,1,1,0,1,1,2,1,1,2,1,0,41,2,726,1,87
Iris Lab,Gaming,Brazil,1,0,1,1,0,1,0,1,1,2,1,0,2,1,0,6,2,916,1,81
Austin Street Center,Other,United States,1,1,1,1,1,1,1,1,0,2,1,2,1,4,0,42,2,415,1,90
Diamond Display Group,Administrative Services,United States,1,0,1,1,1,1,0,1,1,2,1,2,1,1,0,22,2,1099,1,88
ADX Corp,Other,India,1,0,1,1,1,1,1,1,1,2,1,2,1,3,0,4,2,629,1,87
DIGITALinkers,Design,France,1,1,1,1,0,1,0,1,0,1,1,0,2,2,0,10,2,1455,1,85
CRV Surveillance,Consumer Electronics,United States,1,1,1,1,1,1,0,1,1,2,1,2,1,4,0,15,2,1201,1,89
FundrPro,Financial Services,United States,1,0,1,1,1,1,1,1,1,2,1,0,1,1,0,2,2,547,1,85
Land Plus Associates,Design,Slovakia (Slovak Republic),1,0,1,1,1,1,1,1,1,2,1,0,1,2,0,40,2,1082,1,88
JS Home Care Agency of NY,Consumer Goods,United States,1,0,1,1,1,1,1,1,0,2,1,2,1,2,0,17,2,441,1,87
Advocacy Associates,Community and Lifestyle,United States,1,1,1,1,1,1,0,1,0,2,1,6,1,1,0,0,2,1099,1,90
Cybectec,Design,Canada,0,0,1,1,0,1,1,1,0,2,1,0,1,0,0,45,2,2343,1,84
Any Van Rental,Commerce and Shopping,United Kingdom,1,0,1,1,1,1,1,1,1,2,1,0,1,2,0,0,2,825,1,86
Koch-Glitsch,Energy,United States,1,0,1,1,1,1,0,1,0,2,1,5,2,7,0,80,2,844,1,94
Employee Benefits of Virginia,Administrative Services,United States,1,1,1,1,1,1,0,1,1,1,1,2,2,1,0,10,2,840,1,88
WestCorp Management Group,Financial Services,United States,1,1,1,1,1,1,0,1,1,2,1,2,2,5,0,18,2,1294,1,90
ATB AUTO,Other,France,1,0,1,1,1,1,1,1,1,2,1,2,1,2,0,21,2,788,1,87
Harris Tire,Other,United States,1,1,1,1,1,1,1,1,1,2,1,1,1,2,0,0,2,943,1,87
Voice Evolution Institute,Education,Italy,1,0,1,1,1,1,1,1,1,2,1,0,1,2,0,11,2,736,1,86
Jahn Office Organization,Consumer Electronics,Germany,1,0,1,1,1,1,1,1,1,2,1,2,1,1,0,35,2,720,1,87
Autocenter Sales,Professional Services,United States,1,0,1,1,1,1,0,1,1,2,1,2,1,1,0,34,2,995,1,88
Allsat network & services,Information Technology,Germany,1,0,1,1,1,1,0,1,1,2,1,1,2,2,0,34,2,1876,1,89
CXsphere,Artificial Intelligence (AI),Canada,1,0,1,1,0,1,1,1,0,2,1,1,3,2,0,6,2,405,1,82
The Wetumpka Herald,Content and Publishing,United States,1,1,1,1,1,1,0,1,1,2,1,0,1,0,0,127,2,721,1,90
Pasadena Angels,Financial Services,United States,1,1,1,1,1,1,1,1,1,2,1,3,2,4,0,25,0,378,1,89
BURU,Commerce and Shopping,United States,1,0,0,1,1,1,0,1,1,2,1,2,1,2,0,0,2,721,1,86
Facts in Formation,Data and Analytics,The Netherlands,1,0,1,1,1,1,0,1,0,2,1,0,1,0,0,14,2,720,1,86
ACW Group Insurance,Financial Services,United States,1,1,1,1,1,1,1,1,0,2,1,2,1,2,0,16,2,502,1,88
Golf yourself,Commerce and Shopping,Germany,1,0,0,1,1,1,0,1,1,2,1,2,1,2,0,0,2,1848,1,88
STS Manufacturing,Design,United States,1,0,1,1,1,1,1,1,1,2,1,2,1,2,0,24,2,995,1,88
KClighting,Commerce and Shopping,China,1,0,1,1,1,1,1,1,1,2,1,2,1,5,0,15,2,525,1,88
Shouksmiths,Design,United Kingdom,1,0,1,1,1,1,1,1,0,2,1,0,1,3,0,205,2,1099,1,95
testRUN New Zealand,Information Technology,New Zealand,1,1,1,1,0,1,0,1,0,2,1,0,1,1,0,17,2,721,1,83
TradingTop,Commerce and Shopping,United Kingdom,1,0,1,1,0,1,0,1,1,2,1,0,1,0,0,9,2,721,1,81
Shlokin Digital Media Pvt Ltd,Advertising,India,1,0,1,1,1,1,1,1,1,2,1,0,1,2,0,9,2,1441,1,87
Save Edge,Manufacturing,United States,1,0,1,1,1,1,1,1,1,2,1,2,1,2,0,29,2,398,1,87
Switch2Local,Advertising,United States,1,1,1,1,1,1,0,1,1,0,0,0,1,1,0,8,2,1208,1,1
Lavelle Networks,Hardware,India,1,1,1,1,1,1,1,1,1,2,1,1,3,4,0,10,2,1099,1,88
Mountain Province Diamonds,Natural Resources,Canada,1,0,1,1,1,1,1,1,1,3,1,5,3,2,2,39,2,463,1,87
Healthbuds,Health Care,India,1,1,1,1,1,1,0,1,1,2,1,1,2,1,0,11,2,2220,1,89
Software4Solution,Information Technology,United Kingdom,1,0,0,1,1,1,0,1,1,2,1,0,1,1,0,0,2,2057,1,87
I-Logicon,Administrative Services,India,1,1,1,1,1,1,1,1,1,2,1,2,1,3,0,22,2,518,1,88
Masaryk University,Education,Czech Republic,1,1,1,1,0,1,0,1,1,2,1,0,2,9,0,106,0,2220,1,91
Datalab,Information Technology,South Korea,1,0,0,1,1,1,0,1,1,2,1,0,1,0,0,19,2,1670,1,86
Exaltic Nutrition,Food and Beverage,India,1,1,1,1,1,1,0,1,1,2,1,0,1,1,0,9,2,1914,1,88
Investors Management Group,Financial Services,United States,1,0,1,1,1,1,0,1,1,2,1,7,2,2,0,32,0,1099,1,91
Gullane Capital Partners,,United States,1,0,1,1,1,1,1,1,0,2,1,0,3,1,0,23,0,381,0,85
OctoMore AB,Professional Services,Sweden,1,0,1,1,1,1,0,1,1,2,1,2,1,2,0,20,2,1788,1,89
Davenport Pharmacy,Commerce and Shopping,United States,1,0,1,1,1,1,0,1,1,2,1,2,1,1,0,127,2,721,1,91
Metropolitan Management Co.,Real Estate,United States,1,1,1,1,1,1,0,1,1,2,1,3,2,1,0,0,2,764,1,87
Bioteen,Commerce and Shopping,South Africa,1,0,1,1,1,1,1,1,1,2,1,2,1,2,0,5,2,270,1,86
ALB Accountancy,Financial Services,United Kingdom,1,1,0,1,1,1,1,1,1,2,1,1,1,2,0,0,2,1648,1,87
MCOR,Energy,United States,1,1,1,1,1,1,1,1,1,2,1,2,1,2,0,13,2,1197,1,88
SHOUTCAST NET,,United States,1,0,1,1,1,1,1,1,1,2,1,0,1,1,0,12,2,1037,0,85
MiKashBoks,Financial Services,United States,1,1,1,1,0,1,0,1,1,2,1,0,2,2,0,5,2,1145,1,82
The Soriano Family Office,Financial Services,United States,1,1,1,1,0,1,0,1,1,2,1,0,2,2,0,15,2,1447,1,83
Vakıf Pazarlama,Administrative Services,Turkey,1,1,1,1,1,1,0,1,1,2,1,0,1,7,0,13,2,305,1,88
Combanc,Education,China,1,0,1,1,1,1,0,1,1,1,1,0,1,6,0,29,2,854,1,90
ARMotors,Other,United Arab Emirates,1,1,1,1,1,1,1,1,1,2,1,2,1,3,0,17,2,711,1,88
Aztec Visuals,Advertising,Australia,1,0,1,1,0,1,0,1,0,2,1,0,2,0,0,11,2,2717,1,85
Emergency Chiropractic,Financial Services,United States,1,0,1,1,1,1,1,1,0,2,1,7,1,3,0,49,2,1623,1,94
Valley Industrial Products,Manufacturing,United States,1,0,1,1,1,1,1,1,1,2,1,2,1,0,0,60,2,914,1,88
Improove,Internet Services,Austria,1,0,1,1,1,1,1,1,1,2,1,7,2,2,0,16,2,1099,1,90
ZHICHENGHOUQIN,Other,China,1,0,0,1,0,1,0,1,0,3,1,0,1,7,2,17,2,874,1,82
Planoji,Software,United Kingdom,1,0,0,1,0,1,0,1,0,2,1,0,1,0,0,10,2,2286,1,83
MATRiX ANALYTiCS,Data and Analytics,United States,1,1,1,1,1,1,1,1,1,2,1,7,2,1,0,11,2,1464,1,91
Heeya App,Apps,Kuwait,1,0,0,1,1,1,1,1,1,2,1,0,2,1,0,4,2,1413,1,86
Revolancer,Commerce and Shopping,United Kingdom,1,1,1,1,0,1,1,1,1,2,1,0,3,2,0,4,2,621,1,81
3A IT Solutions,Apps,United Kingdom,1,1,1,1,1,1,0,1,1,2,1,0,1,0,0,0,2,648,1,85
TMJ Therapy & Sleep Center of Colorado,Health Care,United States,1,1,1,1,1,1,0,1,0,2,1,1,1,1,0,0,2,777,1,87
Gilgen Door Systems,Manufacturing,United Kingdom,1,1,1,1,1,1,0,1,1,2,1,3,1,5,0,64,2,1975,1,93
Blevins Home Mortgage,Financial Services,United States,1,1,1,1,1,1,1,1,1,2,1,2,1,2,0,18,2,411,1,87
Conductor Power,Consumer Electronics,United States,1,1,1,1,1,1,1,1,1,2,1,0,1,4,0,48,2,1103,1,89
Leyefe,Apps,United States,1,0,1,1,0,1,1,1,0,0,0,0,2,1,0,10,2,378,1,0
Arming Guild,Commerce and Shopping,Croatia,1,0,0,1,1,1,1,1,1,2,1,0,2,1,0,6,2,784,1,85
Communities Unlimited,Community and Lifestyle,United States,1,1,1,1,1,1,1,1,1,2,1,0,2,4,0,49,1,666,1,88
CrossFit Counter Culture,Education,United States,1,0,1,1,1,1,1,1,1,2,1,0,1,1,0,16,2,1172,1,86
i.e. design,Administrative Services,United States,1,0,1,1,1,1,1,1,0,2,1,1,1,1,0,33,2,851,1,88
Badafi,Commerce and Shopping,Mexico,1,0,1,1,1,1,1,1,1,2,1,2,1,3,0,28,2,685,1,88
CrossFit Soul,Health Care,United States,1,1,1,1,1,1,1,1,1,2,1,2,1,1,0,16,2,593,1,87
Internet Insurance Group,Financial Services,United States,1,1,1,1,1,1,1,1,1,2,1,1,1,2,0,10,2,676,1,87
Myadbox,Advertising,Australia,1,0,1,1,1,1,1,1,1,2,1,2,2,2,0,15,2,721,1,87
Mineola Signs & Awnings,Advertising,United States,1,1,1,1,1,1,1,1,1,2,1,2,1,1,0,101,2,721,1,90
Colas Solutions,Professional Services,United States,1,1,1,1,1,1,1,1,1,2,1,6,1,2,0,17,2,1071,1,90
Orbitz Worldwide,Commerce and Shopping,United States,1,1,1,1,1,1,1,1,1,1,1,6,1,7,1,24,2,398,1,92
Vdoma,Apps,Ukraine,1,0,1,1,1,1,1,1,1,2,1,0,1,2,0,0,2,540,1,85
Designer Symmetry LLC,Design,United States,1,1,1,1,1,1,1,1,1,2,1,2,2,2,0,9,2,307,1,87
Alinean,Other,United States,1,1,1,1,1,1,0,1,1,0,0,0,2,4,0,24,2,382,1,2
Business Software India,Administrative Services,India,1,1,1,1,1,1,1,1,1,2,1,2,1,2,0,8,2,618,1,87
Protostatix Engineering Consultants,Manufacturing,Canada,1,0,1,1,1,1,1,1,0,1,1,0,1,2,0,45,2,1363,1,90
xMotion,,United States,1,0,1,1,0,1,1,1,0,2,1,0,1,0,0,7,2,855,0,80
Asitur,Financial Services,Spain,1,0,1,1,1,1,1,1,1,2,1,5,2,7,0,43,2,718,1,92
VirtouStack,Design,India,1,1,1,1,1,1,1,1,1,2,1,2,2,2,0,6,2,1046,1,88
Infosecure,Education,Chile,1,1,1,1,1,1,1,1,1,2,1,3,1,3,0,14,2,157,1,87
Tucker Media Group,Hardware,United States,1,0,1,1,1,1,1,1,1,2,1,0,1,2,0,36,2,403,1,86
Wellness 4 Humanity,Health Care,United States,1,1,1,1,1,1,0,1,1,2,1,1,1,4,0,5,2,1273,1,88
Floky Socks,Clothing and Apparel,Italy,1,0,1,1,1,1,1,1,1,2,1,1,1,1,0,7,2,1008,1,86
Deeper,Consumer Electronics,Lithuania,1,1,1,1,1,1,0,1,1,1,1,2,2,3,0,13,2,532,1,88
Madgav Advogados,Other,Brazil,1,0,1,1,1,1,0,1,1,2,1,0,1,2,0,30,2,518,1,86
Hireplace,Administrative Services,Singapore,1,1,1,1,0,1,0,1,1,2,1,2,1,1,0,6,2,767,1,83
Oenggul Pipa Inspeksitama,Data and Analytics,Indonesia,1,0,1,1,1,1,1,1,1,2,1,2,1,2,0,36,2,225,1,87
Caveo,Financial Services,Brazil,1,0,1,1,1,1,1,1,1,2,1,0,3,2,0,3,2,446,1,85
Carve,Design,Switzerland,1,0,1,1,1,1,1,1,1,2,1,0,1,1,0,4,2,782,1,85
Range Ventures,Financial Services,United States,1,0,1,1,1,1,1,1,0,2,1,7,3,1,0,5,0,383,1,89
Meduvi,Administrative Services,United States,1,1,1,1,1,1,1,1,1,2,1,1,2,2,0,14,2,1210,1,88
Lumisolar,Commerce and Shopping,Chile,1,1,1,1,1,1,1,1,1,2,1,2,1,3,0,21,2,130,1,87
Pieragnoli,Food and Beverage,Italy,1,1,1,1,1,1,1,1,1,2,1,0,1,2,0,76,2,740,1,89
Growcentia,Health Care,United States,1,1,1,1,1,1,1,1,1,2,1,2,2,1,0,10,2,1099,1,87
Oakland Pain & Injury Center,Health Care,United States,1,1,0,1,1,1,1,1,0,2,1,0,1,0,0,0,2,1118,1,86
GTWE German Technology for Water and Energy,Manufacturing,Germany,1,0,1,1,1,1,1,1,1,2,1,2,1,2,0,14,2,895,1,87
Demar Direct,Advertising,United States,1,1,1,1,1,1,1,1,1,2,1,3,1,2,0,36,2,1413,1,90
"Department of Environment, Land, Water and Planning",Government and Military,Australia,1,1,1,1,1,1,0,1,1,2,1,7,1,7,0,10,2,1512,1,94
Vivid,Media and Entertainment,Canada,1,1,0,1,0,1,1,1,0,2,1,0,1,1,0,0,2,1236,1,82
Modern Industries Inc.,Manufacturing,United States,1,1,1,1,1,1,1,1,1,2,1,5,2,4,0,79,2,382,1,92
Minefold,Other,United States,1,1,0,1,1,1,0,1,1,0,0,0,1,1,0,14,2,2220,1,3
Catalant,Other,United States,1,1,1,1,1,1,1,1,1,2,1,4,3,4,0,12,2,764,1,89
Loop,Commerce and Shopping,United States,1,1,1,1,1,1,1,1,1,2,1,2,3,4,0,7,2,523,1,88
ExamVision,Commerce and Shopping,The Netherlands,1,0,1,1,1,1,1,1,1,2,1,0,2,2,0,20,2,1310,1,87
Games Jobs Direct,Gaming,United Kingdom,1,1,1,1,1,1,1,1,1,2,1,0,1,1,0,14,2,868,1,86
Medar Hastaneleri,Health Care,Turkey,1,1,1,1,1,1,0,1,1,2,1,2,1,7,0,25,2,472,1,90
Different Kettle,Information Technology,United Kingdom,1,0,1,1,1,1,0,1,1,2,1,3,2,1,0,25,2,721,1,88
Ed Voyles Chrysler Jeep Dodge Ram,Commerce and Shopping,United States,1,1,1,1,1,1,1,1,1,2,1,2,1,2,0,73,2,824,1,90
Bracken,Real Estate,United Kingdom,1,1,1,1,1,1,0,1,1,2,1,0,1,2,0,17,2,1627,1,88
Konzelmann,Manufacturing,Germany,1,0,0,1,1,1,1,1,0,1,1,0,1,0,0,0,2,2280,1,88
Pelham,Other,United Kingdom,1,1,1,1,1,1,1,1,1,2,1,2,1,2,0,0,2,867,1,87
Bank Equipment Solutions,Administrative Services,United States,1,0,1,1,1,1,1,1,0,2,1,2,1,2,0,21,2,927,1,88
Studio Campanelli Fotografo,Content and Publishing,Italy,1,0,0,1,1,1,0,1,1,2,1,0,1,0,0,0,2,726,1,84
Automotive and Industrial Distributors,Manufacturing,United States,1,0,1,1,1,1,1,1,1,2,1,2,1,2,0,0,2,721,1,87
Beltmann Integrated Logistics,,United States,1,0,1,1,1,1,1,1,0,2,1,2,1,3,0,19,2,1090,0,88
Nivo,Commerce and Shopping,Madagascar,1,1,1,1,1,1,1,1,1,2,1,2,1,3,0,25,2,431,1,88
World Yoga Teacher Training,Education,Germany,1,0,0,1,1,1,1,1,1,2,1,0,1,2,0,14,2,1153,1,86
Futuros Deseables,Education,Spain,1,1,1,1,1,1,1,1,1,2,1,2,1,1,0,12,2,430,1,86
Petrone Worldwide,Other,United States,1,0,0,1,0,1,0,1,0,3,1,1,1,1,2,27,2,1727,1,82
Clearshield Protection,Design,United States,1,1,1,1,1,1,1,1,1,2,1,2,1,1,0,23,2,1142,1,88
BeBridge,Advertising,Japan,1,0,0,1,1,1,1,1,1,2,1,2,2,0,0,10,2,978,1,86
10K Projects,Media and Entertainment,United States,1,1,1,1,1,1,1,1,1,2,1,2,2,2,0,9,2,858,1,87
Xavin,Financial Services,Germany,1,0,1,1,1,1,1,1,1,2,1,1,2,1,0,7,2,1132,1,86
DMoose,,United States,1,1,1,1,1,1,1,1,1,2,1,0,2,2,0,9,1,721,0,85
Goldens'​ Cast Iron,Commerce and Shopping,United States,1,1,1,1,1,1,0,1,1,2,1,7,1,5,0,143,2,914,1,97
Nylvi,Commerce and Shopping,Norway,1,1,0,1,1,1,0,1,1,0,0,0,1,1,0,17,2,559,1,0
Area52,Health Care,United States,1,1,0,1,1,1,1,1,1,2,1,2,2,2,0,0,2,774,1,86
MCG: Market Connect Group,Administrative Services,United States,1,0,1,1,0,1,0,1,0,0,0,1,2,7,0,44,2,596,1,1
Happy Terrace,Community and Lifestyle,Japan,1,1,1,1,1,1,0,1,1,2,1,0,1,0,0,11,2,1624,1,87
Intelligix IT-Services,Apps,Germany,1,0,1,1,1,1,1,1,1,2,1,2,1,2,0,29,2,760,1,88
Lyon & Healy,Manufacturing,United States,1,0,1,1,1,1,0,1,1,2,1,0,1,4,0,161,2,802,1,92
Nutsland,Commerce and Shopping,Egypt,1,0,1,1,1,1,1,1,1,2,1,3,2,6,0,17,2,441,1,89
Enviro Guard Pest Management,Health Care,Australia,1,1,0,1,0,1,0,1,0,2,1,1,1,0,0,0,2,1135,1,82
Elektriker Bauer,,Germany,1,0,0,1,1,1,1,1,1,2,1,0,1,3,0,5,1,377,0,84
San Antonio Dental Assistant School,,United States,1,0,0,1,1,1,0,1,1,2,1,0,1,0,0,0,0,1408,0,84
HP Hydraulics,Manufacturing,United Kingdom,1,1,1,1,1,1,0,1,1,2,1,2,1,2,0,0,2,908,1,87
Orior Creative,Advertising,United States,1,1,1,1,1,1,0,1,1,2,1,1,1,1,0,12,2,2220,1,89
Integra Systems,Consumer Goods,United Kingdom,1,0,0,1,1,1,1,1,1,2,1,0,1,4,0,0,2,1394,1,87
Mingfa Tech,Design,China,1,1,1,1,1,1,1,1,1,2,1,3,1,4,0,16,2,525,1,89
NuFemme Rejuvenation Clinic,Health Care,United States,1,1,1,1,1,1,1,1,1,2,1,3,1,4,0,0,2,1076,1,89
Bank of Elgin,Financial Services,United States,1,0,0,1,1,1,1,1,0,2,1,3,1,2,0,90,2,1371,1,92
SocialsGrow,Sales and Marketing,United Kingdom,1,0,0,1,0,1,1,1,0,2,1,0,1,4,0,5,2,775,1,82
Viaduto,Transportation,Brazil,1,0,1,1,0,1,0,1,0,2,1,0,1,4,0,47,2,692,1,85
Clideo,Consumer Electronics,Spain,1,0,1,1,1,1,0,1,0,2,1,0,2,1,0,6,2,2048,1,88
TweetWall Pro,Advertising,Belgium,1,1,1,1,0,1,1,1,1,2,1,0,1,1,0,15,2,608,1,82
TechnoSpurs,Design,India,1,1,1,1,1,1,0,1,1,2,1,2,1,2,0,6,2,593,1,87
Dock Dragon LLC,Other,United States,1,1,1,1,1,1,1,1,1,2,1,0,1,1,0,9,2,726,1,86
TAGUTI Co.,Commerce and Shopping,China,1,0,1,1,1,1,1,1,1,2,1,0,1,3,0,28,2,532,1,87
DataSelf Corporation,Data and Analytics,United States,1,1,1,1,1,1,0,1,1,2,1,2,2,1,0,20,2,1099,1,88
Barron Equipment Company,Commerce and Shopping,United States,1,1,1,1,1,1,1,1,1,2,1,3,2,2,0,46,2,1189,1,90
O'Meara,Commerce and Shopping,United States,1,0,1,1,1,1,1,1,0,2,1,0,1,3,0,112,2,938,1,91
"Clean My House, LLC",Internet Services,United States,1,0,1,1,0,1,0,1,0,2,1,1,1,1,0,14,2,720,1,83
W3,Advertising,United States,1,1,1,1,1,1,0,1,1,2,1,2,1,1,0,41,2,721,1,88
Mecitefendi,Commerce and Shopping,Turkey,1,1,1,1,1,1,0,1,0,2,1,2,1,2,0,31,2,473,1,88
Fical,Design,Spain,1,0,1,1,1,1,1,1,1,2,1,2,1,2,0,48,2,701,1,88
Recuperaciones Industriales Internacionales,Manufacturing,Mexico,1,1,1,1,1,1,1,1,1,2,1,2,1,5,0,38,2,685,1,90
Spengler-Stewart Agency,Financial Services,United States,1,0,1,1,1,1,1,1,1,2,1,2,1,2,0,109,2,618,1,90
World Wide Stereo,Consumer Electronics,United States,1,1,1,1,1,1,0,1,0,2,1,7,2,3,0,46,2,1099,1,93
uugot.it,Apps,Austria,1,1,1,1,0,1,1,1,1,2,1,2,1,1,0,9,2,1783,1,84
NDI Medical,Health Care,United States,1,0,0,1,1,1,1,1,1,1,1,3,2,2,0,23,2,405,1,88
Rayford Realty NOLA,Professional Services,United States,1,1,1,1,1,1,1,1,1,2,1,7,2,1,0,5,2,368,1,89
DealOn,Commerce and Shopping,United States,1,1,1,1,1,1,0,1,1,0,0,0,2,2,0,16,2,369,1,1
Wilma Stores,Clothing and Apparel,United States,1,1,1,1,1,1,1,1,1,2,1,0,1,4,0,11,2,969,1,88
Riverview Manor,Health Care,South Africa,1,1,1,1,1,1,1,1,1,2,1,2,1,2,0,26,2,245,1,87
Alberta Development Partners,Other,United States,1,1,1,1,1,1,1,1,1,2,1,2,1,2,0,33,2,721,1,88
Kingwood Energy,Energy,United States,1,0,0,1,0,1,0,1,0,0,0,2,1,1,0,9,2,363,1,0
Media Footprint,Advertising,United States,1,0,1,1,1,1,0,1,1,2,1,2,1,2,0,16,2,720,1,87
Evergreen Prosthetics and Orthotics,Health Care,United States,1,1,1,1,1,1,1,1,1,2,1,3,2,3,0,20,2,1450,1,90
DeliverabilityAgent,Information Technology,Argentina,1,0,1,1,0,1,0,1,1,2,1,2,1,2,0,17,2,726,1,83
WiseLetter,Artificial Intelligence (AI),United Arab Emirates,1,0,0,1,1,1,0,1,1,2,1,2,1,1,0,10,2,2220,1,88
Exergen,Design,United States,1,1,1,1,1,1,1,1,1,2,1,4,2,3,0,45,2,523,1,90
Quara Finance,Financial Services,Saudi Arabia,1,1,1,1,1,1,0,1,1,2,1,2,2,4,0,16,2,964,1,89
NU Energy Payroll HR,Administrative Services,United States,1,1,1,1,1,1,0,1,1,2,1,2,1,1,0,6,2,683,1,87
Private desert Morocco tours,Privacy and Security,Morocco,1,1,0,1,1,1,0,1,1,2,1,1,1,1,0,17,2,1635,1,88
Cohere Cyber Secure,Hardware,United States,1,1,1,1,1,1,1,1,1,1,1,3,2,2,0,21,2,406,1,89
Pacific West Claims,Financial Services,United States,1,0,1,1,1,1,1,1,1,2,1,2,1,1,0,0,2,113,1,85
Keltic Clothing,Clothing and Apparel,United Kingdom,1,1,1,1,1,1,0,1,1,2,1,2,1,2,0,0,2,1159,1,88
Wax Busters,Energy,Canada,1,0,1,1,1,1,1,1,1,2,1,0,1,1,0,0,2,810,1,85
Habich,Consumer Electronics,Germany,1,0,0,1,1,1,1,1,1,2,1,2,1,1,0,40,2,1219,1,88
Zyklus India,Manufacturing,India,0,0,1,1,0,1,0,1,0,2,1,0,1,1,0,1,0,462,1,80
Tanuki Interactive,Advertising,United States,1,1,1,1,1,1,1,1,0,2,1,0,1,1,0,17,2,181,1,86
Citalid,Information Technology,France,1,1,1,1,0,1,1,1,1,2,1,2,3,3,0,8,2,524,1,83
DigitalQ,Information Technology,India,1,0,1,1,1,1,0,1,1,2,1,0,1,2,0,17,2,1091,1,87
Audio Dynamics,Commerce and Shopping,United States,1,0,0,1,1,1,1,1,1,2,1,2,1,2,0,32,2,406,1,87
Associação Comercial e Industrial de Fazenda Rio Grande,Education,Brazil,1,1,1,1,1,1,1,1,1,2,1,2,1,2,0,32,2,525,1,88
Cheshire Development,Media and Entertainment,United States,1,0,1,1,1,1,1,1,1,2,1,2,1,1,0,0,2,199,1,85
Somar Soluciones Integrales,Administrative Services,Spain,1,0,1,1,1,1,1,1,1,2,1,1,1,1,0,15,2,1196,1,87
Adirondack Lakes Alliance,Other,United States,1,0,1,1,1,1,1,1,1,2,1,2,1,2,0,11,1,517,1,87
Retail Bridge,Commerce and Shopping,Canada,1,1,0,1,1,1,0,1,1,0,0,1,2,1,0,0,2,1242,1,1
Adapted Vehicle Hire,Commerce and Shopping,United Kingdom,1,0,1,1,1,1,0,1,1,1,1,0,1,2,0,20,2,2220,1,90
Smile Loft Westwood,Health Care,United States,1,0,0,1,1,1,1,1,1,2,1,0,1,1,0,0,2,316,1,84
Red Top,Information Technology,United Kingdom,1,0,1,1,1,1,0,1,1,2,1,0,1,1,0,23,2,855,1,86
Leisure Park Internet Solutions,Hardware,United Kingdom,1,0,1,1,1,1,1,1,1,2,1,0,1,1,0,12,2,1249,1,86
"Urish Popeck & Co., LLC",Financial Services,United States,1,1,1,1,1,1,0,1,0,2,1,2,2,4,0,49,2,1099,1,91
Jugo Tax Prep,Financial Services,United States,1,0,0,1,1,1,0,1,1,2,1,1,1,0,0,0,2,1386,1,86
Ignite Prism,Hardware,United States,1,0,1,1,1,1,1,1,1,2,1,2,2,2,0,6,2,979,1,87
Buffaloe Group,Financial Services,United States,1,1,1,1,1,1,0,1,1,2,1,0,1,1,0,12,2,921,1,86
Östervärns Express,Transportation,Sweden,1,1,1,1,1,1,1,1,1,2,1,2,1,2,0,22,2,802,1,88
Delta Citrus,Food and Beverage,Brazil,1,0,0,1,1,1,0,1,1,2,1,0,1,0,0,0,2,595,1,84
T3 Security,Administrative Services,United Kingdom,1,1,1,1,1,1,1,1,1,2,1,3,1,4,0,17,2,838,1,89
200 Market,Financial Services,United States,1,0,1,1,1,1,1,1,0,2,1,2,1,1,0,11,2,194,1,86
First National Bank of Stigler,Financial Services,United States,1,0,1,1,1,1,0,1,0,2,1,2,1,2,0,121,2,721,1,92
Online Access,Commerce and Shopping,United States,1,1,1,1,1,1,0,1,1,2,1,0,1,2,0,25,2,1099,1,87
Cannamazon Tecnologia,Biotechnology,Brazil,1,0,1,1,0,1,0,1,1,2,1,0,1,1,0,0,2,151,1,80
Miliwife Box,Commerce and Shopping,France,1,0,1,1,0,1,1,1,1,2,1,0,1,1,0,4,2,791,1,81
The Family Institute at Northwestern University,Health Care,United States,1,1,1,1,1,1,1,1,1,2,1,0,2,4,0,56,1,1229,1,90
Service Design Consultants,Financial Services,United Kingdom,1,0,1,1,1,1,1,1,1,0,0,0,1,1,0,19,2,344,1,0
GERAD,Data and Analytics,Canada,1,1,1,1,1,1,1,1,1,2,1,2,1,3,0,46,2,1084,1,90
Munto,Financial Services,South Korea,1,0,1,1,1,1,0,1,1,2,1,0,2,2,0,6,2,692,1,86
PointsBud,,Nigeria,1,1,1,1,1,1,1,1,1,2,1,0,1,1,0,2,2,505,0,84
Raleigh Reclaimed,Consumer Goods,United States,1,0,1,1,1,1,1,1,0,2,1,2,2,2,0,0,2,900,1,88
EverCase,Consumer Electronics,United States,1,0,1,1,1,1,1,1,0,2,1,0,2,1,0,4,2,295,1,85
shareMEData,Apps,Bolivia,1,0,1,1,1,1,1,1,1,2,1,2,1,1,0,7,2,416,1,86
Credit Reports World,Information Technology,United States,1,0,0,1,1,1,1,1,1,2,1,0,1,0,0,29,0,2220,1,87
Globaliz,Design,Japan,1,1,1,1,1,1,1,1,1,2,1,2,1,1,0,5,2,316,1,86
Quilion Consulting Group,Apps,United States,1,0,0,1,1,1,1,1,1,2,1,0,1,0,0,37,2,925,1,86
Chase Networks,Consumer Electronics,South Africa,1,0,1,1,1,1,1,1,0,2,1,2,1,2,0,22,2,365,1,88
Bastion Therapeutics,Biotechnology,United Kingdom,1,0,1,1,0,1,1,1,0,2,1,0,3,1,0,7,2,658,1,82
The Gialamas company,Real Estate,United States,1,0,1,1,1,1,1,1,1,2,1,3,1,2,0,49,2,1138,1,90
"Locey, Mitchell & Associates",Financial Services,United States,1,0,1,1,1,1,1,1,0,2,1,2,1,2,0,33,2,262,1,88
Dar Al Takaful,Financial Services,United Arab Emirates,1,1,1,1,1,1,0,1,1,2,1,0,1,4,0,17,2,946,1,88
Macoupin Cty Maple Street Dental Clinic,Community and Lifestyle,United States,1,1,1,1,1,1,0,1,1,2,1,1,1,3,0,42,2,721,1,88
1. FC Saarbrucken,Events,Germany,1,1,1,1,1,1,1,1,1,2,1,0,1,0,0,122,2,313,1,89
Poplar Clinic,Health Care,France,1,0,1,1,1,1,1,1,1,2,1,0,1,5,0,54,2,1051,1,89
Reig Capital Group,Real Estate,Andorra,1,0,1,1,1,1,0,1,1,2,1,0,1,0,0,27,0,1112,1,86
CPTarget,Advertising,Brazil,1,1,1,1,1,1,1,1,1,2,1,2,1,2,0,12,2,1100,1,88
Spirit Cultural Exchange,Education,United States,1,1,1,1,1,1,1,1,1,2,1,2,1,2,0,23,2,936,1,88
"Kros-Wise, Inc.",Information Technology,United States,1,0,1,1,1,1,0,1,1,2,1,3,2,4,0,21,2,764,1,89
Mirata,Education,United Kingdom,1,1,1,1,1,1,1,1,1,2,1,2,1,2,0,22,2,845,1,88
PolyTech,Energy,Denmark,1,0,1,1,1,1,1,1,1,2,1,0,3,5,0,31,2,516,1,87
SourceFuse,Professional Services,United States,1,1,1,1,1,1,1,1,1,2,1,3,2,6,0,19,2,397,1,89
:hire,Administrative Services,United States,1,1,1,1,1,1,1,1,1,2,1,3,1,4,0,19,2,1481,1,90
NAMI Metro Suburban,Health Care,United States,1,1,1,1,1,1,1,1,1,2,1,2,1,2,0,33,1,910,1,88
Monarch Inc.,Consumer Electronics,United States,1,1,1,1,1,1,0,1,1,2,1,5,2,1,0,11,2,584,1,88
AB Svafo,Other,Sweden,1,0,1,1,1,1,1,1,1,2,1,2,1,3,0,33,1,620,1,88
Biyani Group of Colleges,Education,India,1,1,1,1,1,1,1,1,1,2,1,3,1,6,0,20,2,564,1,90
Integrated Plantscapes,Commerce and Shopping,United States,1,0,1,1,1,1,1,1,1,2,1,7,1,2,0,39,2,925,1,91
Floor Box Systems,Manufacturing,United States,1,1,0,1,1,1,1,1,1,2,1,1,1,1,0,22,2,1172,1,87
Peekabu Studios,Apps,United Kingdom,1,1,1,1,0,1,0,1,1,2,1,2,2,1,0,15,2,565,1,82
shopCBD.com,Commerce and Shopping,United States,1,0,1,1,1,1,1,1,1,1,1,0,1,0,0,0,2,1007,1,86
BigHoller,Apps,United States,1,0,0,1,1,1,1,1,1,2,1,3,2,3,0,21,2,441,1,87
Vu-dynamics,Manufacturing,India,1,0,1,1,1,1,1,1,1,2,1,0,2,1,0,3,2,255,1,84
Hunt Scanlon Ventures,,United States,1,0,1,1,1,1,1,1,0,2,1,0,2,5,0,5,2,641,0,86
HQ Recording Studio,Media and Entertainment,United Kingdom,1,1,0,1,1,1,1,1,1,2,1,2,1,2,0,0,2,561,1,86
Python,Information Technology,Romania,1,0,1,1,1,1,0,1,1,2,1,1,2,2,0,31,2,1820,1,89
Hive Tree Services,Administrative Services,Australia,1,0,1,1,1,1,1,1,1,2,1,0,1,2,0,13,2,778,1,86
Trust Deed of California,Financial Services,United States,1,0,1,1,1,1,1,1,1,2,1,2,1,1,0,0,2,1307,1,87
EQUIP9,Apps,India,1,1,1,1,1,1,1,1,1,2,1,0,2,2,0,6,2,562,1,86
Shenzhen Renyuan Guoying Touzi Guanli Qiye (Youxian Hehuo),Financial Services,China,0,0,0,1,0,1,0,1,0,2,1,0,1,0,0,0,0,692,1,79
Paintec,Agriculture and Farming,Spain,1,0,1,1,1,1,1,1,1,2,1,0,2,2,0,8,2,481,1,85
Agric Ventures,Agriculture and Farming,United States,1,0,0,1,0,1,1,1,1,2,1,0,2,2,0,9,0,1259,1,82
Forward Action,Advertising,United Kingdom,1,1,1,1,0,1,1,1,1,2,1,2,1,2,0,10,2,1106,1,84
ALWAC,Content and Publishing,Czech Republic,1,0,1,1,1,1,1,1,1,2,1,0,2,0,0,29,2,720,1,86
Quality Care Services Ltd,Health Care,United Kingdom,1,0,0,1,1,1,0,1,0,1,1,0,1,0,0,31,2,2707,1,90
SL Consultants,Administrative Services,India,1,1,1,1,1,1,1,1,1,2,1,2,1,2,0,15,2,593,1,87
WeCommerce.Pk,Commerce and Shopping,Pakistan,1,0,1,1,1,1,1,1,1,2,1,0,1,1,0,4,2,1207,1,86
Bintang Aplikasi Perkasa,Hardware,Indonesia,1,1,1,1,1,1,1,1,1,2,1,2,1,2,0,19,2,237,1,87
Shift Alerts,Apps,Canada,1,1,0,1,0,1,0,1,0,0,0,1,1,1,0,12,2,1237,1,0
WestSea Global Services,Information Technology,Nigeria,1,0,0,1,1,1,0,1,0,0,0,0,1,0,0,15,2,1228,1,1
Pilzling,Agriculture and Farming,Germany,1,0,1,1,0,1,0,1,1,2,1,0,2,1,0,5,2,154,1,80
Credible Content,Content and Publishing,India,1,1,1,1,0,1,0,1,0,2,1,0,1,1,0,21,2,1951,1,85
HES Infra,Other,India,1,0,1,1,1,1,1,1,1,2,1,2,1,7,0,18,2,852,1,90
Wasteline Containers,Manufacturing,United States,1,0,1,1,1,1,1,1,0,2,1,2,1,2,0,36,2,525,1,88
Co-Pak Packaging,Administrative Services,Canada,1,0,1,1,1,1,1,1,1,2,1,3,1,3,0,29,2,1200,1,89
ARNOLD IT Systems,Information Technology,Germany,1,1,1,1,1,1,0,1,1,2,1,0,1,2,0,29,2,2047,1,89
Gearcloud Labs,Internet Services,United States,1,1,0,1,1,1,1,1,1,2,1,0,1,2,0,13,2,1413,1,87
Shoestring Digital,Design,United Kingdom,1,0,1,1,1,1,1,1,1,2,1,2,1,2,0,9,2,820,1,87
Teknon Automação Industrial,Energy,Brazil,1,0,1,1,1,1,1,1,1,2,1,2,1,3,0,14,2,607,1,87
Prime Industrial Recruiters,Administrative Services,United States,1,1,1,1,1,1,0,1,0,2,1,2,1,2,0,30,2,1698,1,91
UrCareer,,India,1,1,1,1,1,1,0,1,0,2,1,0,1,0,0,18,0,721,0,85
Black Coffee Robotics,Artificial Intelligence (AI),India,1,1,1,1,0,1,1,1,1,2,1,2,2,1,0,6,2,494,1,82
Highbrow,Education,United States,1,1,1,1,0,1,1,1,1,2,1,1,2,1,0,11,2,1091,1,83
Punch Live,Events,Brazil,1,0,1,1,0,1,0,1,1,2,1,2,1,2,0,0,2,518,1,82
Who Else,Information Technology,United States,1,0,1,1,0,1,0,1,1,2,1,2,1,3,0,17,2,1034,1,84
Wexo,Blockchain and Cryptocurrency,Czech Republic,1,1,1,1,0,1,0,1,1,2,1,0,2,2,0,6,2,868,1,82
Hopscape Design Studio,Administrative Services,United States,1,0,1,1,0,1,1,1,1,2,1,2,1,2,0,0,2,925,1,83
ProTrol,Consumer Electronics,Sweden,1,0,1,1,1,1,1,1,1,2,1,1,1,2,0,23,2,2086,1,89
Varra Companies,Real Estate,United States,1,0,1,1,1,1,1,1,0,2,1,3,1,0,0,0,2,1461,1,88
Steve Heckler Associates,Education,United States,1,0,1,1,0,1,1,1,1,2,1,0,2,1,0,24,2,1215,1,82
Ontime Infotech,Information Technology,India,1,1,1,1,1,1,0,1,1,2,1,0,1,2,0,10,2,2220,1,89
"Lenkowski , Lonergan, & Co LLP",Financial Services,United States,1,1,0,1,1,1,1,1,0,2,1,3,2,2,0,60,2,1618,1,91
Gropp Consulting,Apps,United States,1,0,1,1,1,1,1,1,0,2,1,2,1,1,0,22,2,368,1,87
The Credit Point,Financial Services,United States,1,0,0,1,1,1,0,1,1,2,1,0,1,0,0,0,2,1329,1,85
Mercia Digital,Advertising,United Kingdom,1,1,0,1,1,1,0,1,1,2,1,2,1,2,0,0,2,620,1,86
Trnio,Content and Publishing,United States,1,1,1,1,1,1,0,1,1,2,1,1,1,1,0,12,2,2220,1,89
Agape Christian Church,Community and Lifestyle,United States,1,0,1,1,1,1,1,1,1,2,1,0,1,1,0,11,1,858,1,86
Menduina,Food and Beverage,Spain,1,0,0,1,1,1,0,1,1,2,1,1,1,1,0,23,2,1113,1,86
Solitaire Projects,Other,India,1,1,1,1,1,1,1,1,0,2,1,2,1,5,0,0,2,224,1,88
Quail Agency,Design,United States,1,0,1,1,0,1,1,1,1,2,1,0,1,2,0,6,2,901,1,82
Baskat,,United States,1,0,1,1,1,1,1,1,1,0,0,0,1,1,0,6,2,1791,0,1
Campaign Warrior,Information Technology,United States,1,1,1,1,1,1,1,1,1,2,1,1,2,1,0,12,2,451,1,86
Artouche,Commerce and Shopping,The Netherlands,1,0,0,1,1,1,1,1,1,2,1,1,1,1,0,10,2,1744,1,87
Dai Baker Creative Group,Design,United States,1,0,1,1,1,1,1,1,1,2,1,2,1,1,0,10,2,369,1,86
Broadleaf Financial Group,Financial Services,Australia,1,0,1,1,1,1,1,1,1,2,1,2,2,1,0,9,2,418,1,86
Cirrus,Data and Analytics,United Kingdom,1,1,1,1,0,1,1,1,0,1,1,0,2,4,0,15,2,1603,1,86
Dure Coopunion,Commerce and Shopping,South Korea,1,0,0,1,1,1,0,1,1,2,1,0,1,0,0,29,2,1511,1,86
SOUNDPLAN,Media and Entertainment,Germany,1,1,1,1,1,1,0,1,1,2,1,3,1,2,0,39,2,1876,1,91
Xios Technologies,Apps,United States,1,0,1,1,1,1,0,1,0,2,1,2,2,1,0,24,2,1099,1,88
Bissett & Associates Investment Management,Financial Services,Canada,0,0,0,1,0,1,0,1,0,1,1,0,1,0,0,43,0,2717,1,85
Real Estate Brokers,Other,United States,1,0,0,1,1,1,1,1,1,2,1,2,1,1,0,0,2,243,1,85
Boatshed7 The Original Beach Co,Commerce and Shopping,Australia,1,0,1,1,1,1,1,1,0,2,1,0,1,1,0,8,2,721,1,86
Yuansheng Intelligent Robotics,Artificial Intelligence (AI),China,0,0,0,1,0,1,0,1,0,2,1,0,2,1,0,1,2,144,1,79
BEWG,Natural Resources,Hong Kong,1,0,1,1,1,1,1,1,1,3,1,7,1,9,2,33,2,645,1,91
Franz Schneider Brakel GmbH + Co KG,Manufacturing,Germany,1,1,1,1,1,1,1,1,0,2,1,0,2,6,0,144,2,635,1,94
The Malvern Development Group,Real Estate,Germany,1,0,1,1,1,1,1,1,1,2,1,2,1,2,0,42,2,155,1,87
Big Fresh,Information Technology,United States,1,1,1,1,1,1,0,1,1,0,0,2,1,1,0,23,2,378,1,2
Spiez Laboratory,Government and Military,Switzerland,1,1,1,1,1,1,0,1,1,2,1,0,1,4,0,102,2,1119,1,91
mdss,Information Technology,Portugal,1,1,1,1,1,1,0,1,1,2,1,0,1,1,0,11,2,2220,1,88
Generationsstore,Clothing and Apparel,United States,1,1,0,1,0,1,0,1,0,2,1,1,1,2,0,11,2,1698,1,84
Vertabelo,Data and Analytics,United States,1,1,1,1,0,1,0,1,0,2,1,0,2,2,0,9,2,839,1,83
TI Foods,Commerce and Shopping,Canada,1,0,1,1,1,1,1,1,1,2,1,0,1,2,0,40,2,809,1,87
ISEFAC Bachelor,Internet Services,France,1,1,1,1,1,1,0,1,1,2,1,0,1,3,0,21,2,2220,1,90
PropFlo Real Estate CRM,Information Technology,India,1,0,1,1,1,1,1,1,1,2,1,0,2,2,0,4,2,383,1,85
ConCept G Global,Administrative Services,South Africa,1,0,1,1,1,1,1,1,1,2,1,2,1,2,0,9,2,274,1,86
ViewTag,Consumer Electronics,United States,1,0,1,1,0,1,1,1,1,2,1,0,1,2,0,7,2,1930,1,84
Sunwink,Commerce and Shopping,United States,1,1,1,1,0,1,1,1,1,2,1,2,3,2,0,7,2,516,1,82
Orderinvest,Consumer Goods,Sweden,1,1,1,1,1,1,1,1,1,2,1,2,1,2,0,40,2,804,1,89
The DAYS Group of Companies,Administrative Services,India,1,0,1,1,1,1,1,1,1,2,1,0,2,3,0,9,2,889,1,86
Care Is There Geriatric Care Management,Education,United States,1,1,1,1,1,1,1,1,1,2,1,2,2,2,0,18,2,1040,1,88
Village National Group,Administrative Services,Australia,1,0,1,1,1,1,1,1,1,2,1,3,1,4,0,13,2,616,1,88
Deendayal Port Authority,Transportation,India,1,1,1,1,1,1,1,1,1,2,1,3,2,7,0,94,2,517,1,93
TVLP Institute Silicon Valley,Education,United States,1,1,1,1,0,1,1,1,1,2,1,0,2,2,0,11,0,1912,1,84
Beach Canal Lighthouse Group,Other,Canada,1,0,1,1,1,1,1,1,1,2,1,2,1,1,0,22,1,545,1,87
Piospartslap IT Remarketing,Commerce and Shopping,Germany,1,0,0,1,1,1,0,1,1,2,1,2,1,2,0,16,2,1848,1,88
Futura Navitas,Energy,The Netherlands,1,0,1,1,0,1,0,1,0,2,1,0,1,1,0,4,0,424,1,81
Gebauer & Griller,Consumer Electronics,Austria,1,0,1,1,1,1,1,1,0,2,1,6,2,7,0,85,2,1022,1,95
EDER,Hardware,China,1,0,0,1,1,1,1,1,1,2,1,0,1,0,0,24,2,692,1,85
Advantage Service Insurance,Financial Services,United States,1,0,0,1,1,1,0,1,1,2,1,0,1,1,0,29,2,1510,1,87
Dessine le Web,Design,France,1,0,1,1,1,1,1,1,1,2,1,0,1,1,0,13,2,407,1,85
SinauHp,Information Technology,Indonesia,1,1,1,1,1,1,1,1,1,2,1,0,1,1,0,8,2,1626,1,87
OIZ Computer,Science and Engineering,Germany,1,0,0,1,1,1,0,1,1,2,1,1,1,1,0,34,2,2047,1,88
Vortex Commerce,Design,United Kingdom,1,1,1,1,1,1,0,1,1,2,1,0,1,0,0,13,2,726,1,86
Galactica Technology,Information Technology,Spain,1,0,0,1,1,1,1,1,1,2,1,1,1,1,0,6,2,1197,1,86
Shenzhen Lava Ventures,,China,0,0,0,1,0,1,0,1,0,2,1,0,1,0,0,14,0,691,0,78
Strategic Insight,Financial Services,United States,1,1,1,1,1,1,1,1,1,0,0,0,2,6,0,36,2,607,1,3
mojjo,Sports,France,1,1,1,1,0,1,0,1,1,2,1,1,1,1,0,11,2,2220,1,85
Directa X,Administrative Services,Brazil,1,0,1,1,1,1,1,1,1,2,1,2,1,4,0,27,2,595,1,88
Timber & Hardware Exchange,Information Technology,Australia,1,0,0,1,1,1,0,1,0,2,1,2,1,0,0,0,2,973,1,86
Cable & Network,Information Technology,Belgium,1,0,1,1,1,1,1,1,1,2,1,0,1,2,0,17,2,1373,1,87
Minimax Labs,Information Technology,United Kingdom,1,0,1,1,0,1,1,1,1,2,1,2,2,1,0,15,2,1345,1,83
Plural AI,Artificial Intelligence (AI),United Kingdom,1,0,1,1,0,1,1,1,1,2,1,1,2,1,0,8,2,361,1,81
Sisu Advisors,Real Estate,United Kingdom,1,0,1,1,1,1,1,1,1,2,1,2,1,1,0,11,2,1054,1,87
Better Refined,Manufacturing,China,1,0,1,1,1,1,1,1,0,2,1,3,1,0,0,24,2,449,1,87
Carriage Club,Community and Lifestyle,United States,1,0,1,1,1,1,0,1,0,2,1,7,1,2,0,69,2,1099,1,93
Sanchis Mira,Commerce and Shopping,Spain,1,0,0,1,1,1,1,1,0,2,1,5,1,3,0,36,2,2051,1,92
Los Pistoleros,Financial Services,France,1,0,1,1,1,1,0,1,1,2,1,2,1,2,0,10,2,792,1,87
SangCash,Media and Entertainment,United States,1,0,1,1,0,1,1,1,0,2,1,1,2,1,0,4,2,507,1,82
Tons Lightology,Hardware,Taiwan,1,0,1,1,1,1,1,1,0,3,1,3,1,6,2,33,2,882,1,89
Multicultural Wellness,Health Care,United States,1,0,1,1,1,1,0,1,1,2,1,2,1,0,0,20,2,721,1,86
Peopletoo,Community and Lifestyle,United Kingdom,1,1,1,1,1,1,1,1,1,2,1,7,2,2,0,16,2,965,1,91
Go-Listing,,India,1,0,1,1,0,1,1,1,1,2,1,0,1,1,0,2,2,719,0,80
Exarta Therapeutics,Biotechnology,United States,1,0,0,1,1,1,0,1,1,2,1,0,2,1,0,4,2,430,1,84
Granary Way Media,Media and Entertainment,United States,1,1,0,1,1,1,1,1,1,2,1,2,1,1,0,0,2,441,1,85
Athletic Events,Events,Ukraine,1,0,0,1,1,1,0,1,1,2,1,1,1,0,0,0,2,1302,1,85
TA’ZIZ,Manufacturing,United Arab Emirates,1,0,1,1,0,1,1,1,0,2,1,0,2,3,0,0,2,711,1,82
OZ,Commerce and Shopping,Italy,1,1,1,1,1,1,1,1,1,2,1,3,1,3,0,54,2,1046,1,91
Cepero Pediatrics,Health Care,United States,1,0,1,1,1,1,1,1,1,2,1,0,1,1,0,0,2,1086,1,86
Sunco Blinds & Shades,Manufacturing,United States,1,0,0,1,1,1,1,1,0,2,1,0,1,0,0,29,2,146,1,85
Waijenberg Wijnadvies,Commerce and Shopping,The Netherlands,1,0,1,1,1,1,0,1,1,2,1,1,1,1,0,14,2,1740,1,88
Ghandhara Industries,Transportation,Pakistan,1,0,1,1,1,1,0,1,1,2,1,0,2,4,0,62,2,721,1,89
Pick 'n' Watch,Advertising,United States,1,1,1,1,1,1,0,1,1,2,1,2,2,1,0,7,2,1050,1,87
HippieShine,Financial Services,United States,1,0,1,1,1,1,0,1,1,2,1,0,1,1,0,5,2,986,1,86
The Honest Food & Co,Food and Beverage,Australia,1,0,1,1,1,1,0,1,1,2,1,1,2,1,0,9,2,764,1,86
Emmetierre,Community and Lifestyle,Italy,1,0,1,1,1,1,1,1,1,2,1,0,1,2,0,44,2,726,1,87
Brainz Magazine Official,Media and Entertainment,Sweden,1,0,1,1,0,1,0,1,0,2,1,0,2,3,0,0,2,866,1,83
National Wiper Alliance,Manufacturing,United States,1,1,1,1,1,1,1,1,1,2,1,3,1,2,0,29,2,1462,1,90
Portfolica,Information Technology,United Kingdom,1,1,0,1,0,1,0,1,0,0,0,0,1,0,0,0,2,391,1,0
Red Capital Group,Financial Services,United States,1,1,1,1,1,1,0,1,1,2,1,3,1,4,0,35,2,1099,1,90
EA SOFT,Information Technology,France,1,0,1,1,1,1,1,1,1,2,1,1,2,1,0,9,2,441,1,85
USC Viterbi Startup Garage,Financial Services,United States,1,1,1,1,1,1,1,1,1,2,1,0,2,2,0,7,0,398,1,85
Coshocton Tribune,Content and Publishing,United States,1,1,1,1,1,1,0,1,1,2,1,0,1,0,0,116,2,721,1,89
Rotal Group,Manufacturing,Israel,1,0,1,1,1,1,0,1,0,2,1,0,2,2,0,62,2,720,1,88
Prima-TV,Media and Entertainment,Russian Federation,1,0,0,1,1,1,0,1,1,2,1,1,1,1,0,34,2,771,1,86
Whittenburg Land Surveying,Real Estate,United States,1,0,1,1,1,1,1,1,1,2,1,2,1,2,0,16,2,862,1,87
Trinity Insurance & Financial Svcs,Financial Services,United States,1,0,1,1,1,1,1,1,0,2,1,2,1,2,0,0,2,540,1,87
Rebel Nature Cosmetics Laboratory,Consumer Goods,The Netherlands,1,0,1,1,1,1,1,1,1,2,1,2,1,2,0,10,2,364,1,86
EZRaider,Design,United States,1,0,1,1,1,1,1,1,1,2,1,1,2,1,0,6,2,504,1,85
VyTekk Technologies,Information Technology,United States,1,1,1,1,1,1,1,1,0,2,1,2,2,1,0,17,2,1415,1,89
Adroit Infotech Pvt. Ltd.,Information Technology,India,1,0,1,1,1,1,0,1,1,1,1,0,2,4,0,25,2,2220,1,91
YourCall.tv,Media and Entertainment,United States,1,0,0,1,0,1,0,1,1,0,0,1,1,1,0,10,2,379,1,0
New Western Group,Financial Services,Hong Kong,1,0,0,1,1,1,0,1,1,3,1,2,1,2,2,25,2,1894,1,87
Aquafuel Research,Biotechnology,United Kingdom,1,1,1,1,1,1,1,1,1,2,1,2,1,2,0,23,2,873,1,88
Human stem cells institute PJSC,Biotechnology,Russian Federation,1,1,1,1,1,1,0,1,1,2,1,0,1,4,0,22,2,648,1,87
The LeGrand Company,Consumer Electronics,United States,0,0,0,1,0,1,0,1,0,2,1,0,2,0,0,0,0,413,1,79
South Coast Paper,Manufacturing,United States,1,1,1,1,1,1,0,1,1,2,1,2,1,2,0,25,2,1461,1,89
Trans Dental Care,Health Care,United States,1,0,0,1,1,1,0,1,1,2,1,2,1,2,0,0,2,623,1,86
Carrie Tingley Hospital Foundation,Community and Lifestyle,United States,1,1,1,1,1,1,0,1,0,2,1,0,1,1,0,88,0,909,1,90
HOUSE Hudson Valley Real Estate,Real Estate,United States,1,0,0,1,1,1,1,1,1,2,1,2,1,2,0,13,2,441,1,86
A4 Mimarlık,Administrative Services,Turkey,1,0,1,1,1,1,1,1,1,2,1,2,1,2,0,19,2,335,1,87
Enhancing Abilities,Health Care,United States,1,0,1,1,1,1,1,1,1,2,1,0,1,0,0,0,1,852,1,85
Rachnaye,Apps,India,1,1,1,1,1,1,1,1,1,2,1,0,2,1,0,5,2,1242,1,86
Paradise Dental Associates,Health Care,United States,1,1,1,1,1,1,1,1,1,2,1,0,1,2,0,24,2,1066,1,87
Atomica,Blockchain and Cryptocurrency,United States,1,1,1,1,0,1,0,1,0,2,1,0,2,1,0,7,2,1617,1,84
Franklin Bank,Financial Services,United States,1,0,0,1,1,1,0,1,1,2,1,7,1,2,0,164,2,1322,1,96
LARM,Hardware,Czech Republic,1,0,1,1,1,1,0,1,1,2,1,2,1,1,0,48,2,1883,1,90
Foresight Imaging,Software,United States,1,0,1,1,1,1,0,1,1,2,1,1,1,2,0,26,2,1030,1,88
LAROME,Commerce and Shopping,Spain,1,1,1,1,1,1,1,1,1,2,1,2,1,2,0,0,2,452,1,87
Panya Global,Transportation,India,1,1,1,1,1,1,1,1,1,2,1,2,1,2,0,15,2,587,1,87
The Clay-Oven Bakery,Food and Beverage,United Kingdom,1,0,1,1,1,1,1,1,1,2,1,2,1,2,0,19,2,1054,1,88
Glenvista Country Club,Community and Lifestyle,South Africa,1,1,1,1,1,1,1,1,1,2,1,2,1,2,0,47,2,271,1,88
Berliner Rundfunk 91.4,Media and Entertainment,Germany,1,1,1,1,1,1,1,1,0,2,1,2,1,2,0,33,2,757,1,89
LabOS,Health Care,Israel,1,0,1,1,1,1,0,1,1,2,1,0,2,3,0,29,2,1229,1,88
Wok To Go,Food and Beverage,The Netherlands,1,0,1,1,0,1,0,1,1,2,1,2,1,2,0,0,2,390,1,82
OCP Engenharia,Manufacturing,Brazil,1,0,1,1,1,1,1,1,0,2,1,0,1,2,0,30,2,565,1,87
Smile For Colorado Orthodontics,Health Care,United States,1,1,1,1,1,1,1,1,1,2,1,2,1,2,0,0,2,721,1,87
Landmark Capital Partners,Financial Services,Russian Federation,1,0,0,1,1,1,0,1,1,2,1,0,2,0,0,0,2,691,1,84
Ghosting Tech,Design,India,1,0,1,1,1,1,1,1,1,2,1,0,1,2,0,10,2,917,1,86
Green Dental of Alexandria,Health Care,United States,1,1,1,1,1,1,0,1,1,2,1,2,1,1,0,0,2,885,1,87
Forech,Commerce and Shopping,India,1,0,1,1,1,1,1,1,1,2,1,3,1,3,0,53,2,651,1,89
MAC Cleaning Services,,United Kingdom,1,0,1,1,1,1,1,1,1,2,1,0,1,2,0,0,2,1292,0,85
Stuhr & Associates,Administrative Services,United States,1,0,1,1,1,1,1,1,1,2,1,7,2,1,0,0,2,1324,1,90
Yankee Media,Advertising,Canada,1,0,1,1,1,1,1,1,1,2,1,2,2,1,0,10,2,1282,1,87
Winners Tax Service,Financial Services,United States,1,0,1,1,1,1,1,1,1,2,1,2,1,2,0,0,2,946,1,87
Snyder Commercial Glass Service,Other,United States,1,0,0,1,1,1,0,1,0,2,1,0,1,0,0,0,2,2065,1,87
ATAMA AG,,Switzerland,1,0,0,1,1,1,0,1,0,2,1,0,2,0,0,0,2,627,0,83
Expertli,Software,Australia,1,0,1,1,0,1,0,1,0,2,1,0,1,2,0,4,0,939,1,82
KidProtect,Education,Spain,1,1,0,1,0,1,0,1,0,0,0,0,1,0,0,16,2,1181,1,0
Phoenix ARC,Financial Services,India,1,0,1,1,1,1,1,1,1,2,1,2,2,2,0,18,2,585,1,87
Three Sigma Ventures,,United Arab Emirates,0,0,0,1,0,1,0,1,0,2,1,0,2,1,0,0,0,404,0,78
Outsource.bg,Internet Services,Bulgaria,1,1,1,1,0,1,0,1,0,2,1,1,1,2,0,10,2,2311,1,86
Cotek Papers,Agriculture and Farming,United Kingdom,1,0,1,1,1,1,1,1,1,2,1,0,1,3,0,61,2,1470,1,89
YUVA Healthcare,Education,India,1,0,1,1,1,1,0,1,1,2,1,0,1,2,0,11,2,584,1,86
Prominent Systems,Artificial Intelligence (AI),India,1,0,0,1,1,1,1,1,1,2,1,2,2,1,0,0,2,627,1,85
Access CFOs,Financial Services,United States,1,0,1,1,1,1,0,1,1,2,1,0,2,2,0,12,2,1098,1,87
SBA Residencial,Community and Lifestyle,Brazil,1,1,1,1,1,1,1,1,1,2,1,0,1,4,0,162,2,1307,1,94
CILIP,Information Technology,United Kingdom,1,1,1,1,1,1,0,1,1,2,1,2,2,2,0,23,2,721,1,88
Elope to Gatlinburg,,United States,1,1,0,1,1,1,0,1,1,2,1,1,1,1,0,12,2,2311,0,87
Peter Corvallis Productions,Administrative Services,United States,1,1,1,1,1,1,1,1,1,2,1,3,1,2,0,66,2,883,1,90
Qa Claims,Financial Services,United States,1,1,1,1,1,1,0,1,1,2,1,3,1,3,0,18,2,874,1,89
SBW Consulting,Professional Services,United States,1,0,1,1,1,1,1,1,1,2,1,2,1,2,0,35,2,1604,1,89
TalkDoc,Health Care,United States,1,0,0,1,0,1,1,1,0,2,1,1,2,1,0,6,2,399,1,81
The House PR Agency,Sales and Marketing,Romania,1,1,1,1,1,1,0,1,1,2,1,0,1,1,0,0,2,1630,1,87
Sina Medical Technology,Health Care,United Kingdom,1,0,1,1,0,1,1,1,1,2,1,0,1,1,0,5,2,1364,1,82
Adria Abrasives,Manufacturing,Italy,1,0,1,1,1,1,1,1,1,2,1,2,1,3,0,43,2,721,1,89
UNS Project,Information Technology,United States,1,0,0,1,0,1,1,1,1,2,1,5,1,1,0,6,2,859,1,83
Standex International,Manufacturing,United States,1,0,1,1,1,1,0,1,0,3,1,6,2,9,2,107,2,498,1,94
Wolkee Technology,,Germany,1,0,1,1,1,1,1,1,1,2,1,0,1,0,0,0,2,393,0,83
Explore IT,Apps,Bangladesh,1,0,0,1,1,1,0,1,1,2,1,0,1,1,0,15,2,1942,1,87
Imnau Mineral Springs,Commerce and Shopping,Germany,1,0,1,1,1,1,1,1,1,2,1,2,1,2,0,0,2,720,1,87
C-MAC SMT,Commerce and Shopping,United Kingdom,1,0,1,1,1,1,1,1,1,2,1,2,1,2,0,25,2,866,1,88
Playing with,Data and Analytics,Switzerland,1,0,1,1,1,1,1,1,1,2,1,1,1,1,0,12,2,1315,1,87
Statice Tempering,Commerce and Shopping,France,1,0,1,1,1,1,1,1,1,2,1,3,1,4,0,18,2,1140,1,89
Wedamor,Events,India,1,1,0,1,1,1,0,1,1,2,1,0,1,1,0,8,2,2220,1,88
VotingWorks,,United States,1,1,1,1,0,1,0,1,1,2,1,0,2,2,0,7,2,721,0,81
United Materials,Real Estate,United States,1,1,1,1,1,1,0,1,1,1,1,2,1,4,0,23,2,382,1,89
Bon Air Mortgage Company,Administrative Services,United States,1,0,0,1,1,1,0,1,0,2,1,2,1,0,0,0,2,1099,1,86
Satraq,Hardware,United States,1,0,0,1,0,1,0,1,1,2,1,0,1,0,0,15,2,2220,1,83
Bootleggers Cocktails,Food and Beverage,Canada,1,0,1,1,0,1,0,1,0,2,1,0,2,1,0,2,2,519,1,81
PULSAR,Agriculture and Farming,United States,1,1,1,1,0,1,1,1,0,2,1,0,2,2,0,16,0,323,1,82
BosonQ Psi,Science and Engineering,United States,1,1,1,1,0,1,1,1,1,2,1,2,3,2,0,5,2,119,1,82
Prairie's Edge Developments,Real Estate,Canada,1,0,1,1,1,1,1,1,1,2,1,0,1,1,0,18,2,616,1,86
HerrmannKaechele Werbeagentur,Advertising,Germany,1,0,1,1,1,1,1,1,1,2,1,2,1,2,0,13,2,761,1,87
RT Machinery,Health Care,United Kingdom,1,1,1,1,1,1,1,1,1,2,1,2,1,2,0,24,2,868,1,88
Bridgewell,Education,United States,1,1,1,1,1,1,1,1,1,2,1,2,2,7,0,67,1,1228,1,92
Mougli,Information Technology,United Kingdom,1,1,1,1,0,1,0,1,1,0,0,0,1,1,0,12,2,362,1,0
ATPress Comunicacion,Advertising,Spain,1,0,1,1,1,1,1,1,1,2,1,1,1,1,0,10,2,1200,1,87
PFCU,Financial Services,United States,1,1,1,1,1,1,0,1,1,2,1,2,2,2,0,85,1,1471,1,91
Flutter,Mobile,United States,1,0,1,1,0,1,0,1,0,0,0,0,1,1,0,10,2,1401,1,0
Gyutto,Apps,Japan,1,0,0,1,0,1,0,1,0,0,0,0,1,0,0,0,2,692,1,0
Fiscal Fluency,Financial Services,United States,1,0,1,1,1,1,0,1,1,2,1,0,1,1,0,7,2,391,1,85
Bene,Content and Publishing,Belgium,1,1,1,1,1,1,1,1,1,2,1,2,1,2,0,26,2,1280,1,89
Driven Logistics,Administrative Services,United Kingdom,1,1,1,1,1,1,1,1,1,2,1,3,1,2,0,12,2,824,1,88
First Light Property Management,Financial Services,United States,1,0,1,1,1,1,1,1,1,2,1,2,1,2,0,18,2,984,1,88
Mahr Surgical,Health Care,United Kingdom,1,0,1,1,1,1,1,1,1,2,1,2,2,2,0,21,2,1146,1,88
Birdsong,Health Care,United States,1,1,1,1,1,1,1,1,1,2,1,2,1,2,0,11,2,879,1,88
Mapsology,Real Estate,Argentina,1,1,1,1,0,1,0,1,1,0,0,0,1,1,0,11,2,2220,1,0
Harvest Pharmacy,Health Care,United States,1,1,1,1,1,1,0,1,1,2,1,2,1,1,0,0,2,1083,1,87
Xac Bank,Financial Services,Mongolia,1,1,1,1,1,1,1,1,1,2,1,2,3,7,0,27,2,421,1,90
EMS Group,Administrative Services,Italy,1,0,1,1,1,1,1,1,1,2,1,1,1,2,0,0,2,728,1,86
Manor Medical Center,Health Care,Israel,1,1,1,1,1,1,0,1,1,2,1,2,1,2,0,24,2,462,1,87
Greenlane Renewables,Energy,Canada,1,0,1,1,1,1,1,1,0,3,1,3,3,4,1,39,2,420,1,88
ZENO-WATCH,Manufacturing,Switzerland,1,1,1,1,1,1,0,1,0,2,1,0,1,1,0,157,2,806,1,92
Next2Shine,Media and Entertainment,United States,1,1,1,1,0,1,0,1,0,2,1,2,1,2,0,19,2,720,1,84
WritingServices.com.ng,,Nigeria,1,0,0,1,1,1,1,1,1,2,1,0,1,1,0,1,2,280,0,82
Dreambox Creative Consultants,Content and Publishing,United Arab Emirates,1,0,1,1,1,1,0,1,1,2,1,0,2,1,0,8,2,882,1,86
Jeju Free International City Development Center,Administrative Services,South Korea,1,1,1,1,1,1,0,1,1,2,1,2,1,2,0,23,1,635,1,88
Nimble5,Data and Analytics,United States,0,0,0,1,0,1,1,1,0,1,1,0,2,2,0,9,2,302,1,81
Figa Chiropractic & Acupuncture,Health Care,United States,1,0,0,1,1,1,0,1,1,2,1,2,1,2,0,0,2,425,1,85
Digestive Health Reno,Health Care,United States,1,0,0,1,1,1,0,1,0,2,1,2,1,2,0,44,2,791,1,88
The Shoals EDA,Community and Lifestyle,United States,1,1,1,1,1,1,1,1,1,2,1,1,1,1,0,39,1,551,1,87
United Truck Centers,Commerce and Shopping,United States,1,1,1,1,1,1,1,1,1,2,1,7,1,2,0,39,2,1453,1,92
Carriage House Imports,Commerce and Shopping,United States,1,0,1,1,1,1,1,1,1,2,1,2,2,2,0,38,2,820,1,88
Consilium Group,Administrative Services,Canada,1,0,1,1,1,1,0,1,1,2,1,0,1,1,0,0,2,721,1,85
Keys Please Holiday Homes Dubai,Real Estate,United Arab Emirates,1,0,1,1,1,1,0,1,1,2,1,2,1,2,0,22,2,474,1,87
Jet Charter Flights Phoenix,Travel and Tourism,United States,1,1,1,1,1,1,0,1,1,2,1,3,1,2,0,0,2,928,1,88
PhyAkash,Information Technology,India,1,0,1,1,0,1,1,1,0,2,1,0,1,1,0,2,2,257,1,81
PantryChic,Commerce and Shopping,United States,1,1,1,1,0,1,0,1,1,2,1,0,1,1,0,12,2,641,1,81
TD Commercial,Real Estate,United States,1,0,1,1,1,1,1,1,1,2,1,2,1,1,0,9,2,1160,1,87
McCann FitzGerald,Professional Services,United States,1,1,1,1,0,1,0,1,0,2,1,5,2,6,0,60,2,285,1,88
Jiayunhui,Financial Services,China,1,0,0,1,1,1,0,1,0,3,1,0,1,4,2,12,2,1805,1,87
Nephos PropTech,Financial Services,Italy,1,0,1,1,1,1,1,1,1,2,1,2,1,2,0,8,2,146,1,86
Fontaineece Coffee,Food and Beverage,United States,1,0,1,1,1,1,1,1,1,2,1,0,1,3,0,4,2,859,1,86
"Steve's Frozen Chillers, Inc.",Food and Beverage,United States,1,1,1,1,1,1,0,1,1,2,1,2,2,2,0,24,2,721,1,88
C'estNettement Mieux,Advertising,France,1,0,1,1,1,1,0,1,1,2,1,1,1,1,0,26,2,1792,1,88
Alliance-Enviro,Information Technology,United States,1,1,1,1,1,1,1,1,1,1,1,3,2,6,0,15,2,505,1,90
Newport Pacific Capital Company,Real Estate,United States,1,0,1,1,1,1,1,1,1,2,1,2,1,4,0,45,2,721,1,89
Marathon TS,Community and Lifestyle,United States,1,1,1,1,1,1,1,1,1,2,1,7,2,1,0,16,2,357,1,89
Fitdigits,Hardware,United States,1,1,0,1,1,1,1,1,1,2,1,0,2,0,0,17,2,2289,1,88
Mahindra Holidays & Resorts India Limited,Travel and Tourism,India,1,1,1,1,1,1,0,1,1,3,1,5,2,8,2,29,2,721,1,90
Grubb Ventures,Other,United States,1,1,1,1,1,1,1,1,0,2,1,2,2,2,0,125,2,1046,1,93
Integrity Builders General Contractors,Manufacturing,United States,1,0,1,1,1,1,1,1,1,2,1,3,1,3,0,11,2,1050,1,89
Erva Mate Santo Antonio,Commerce and Shopping,Brazil,1,0,1,1,1,1,1,1,1,2,1,2,1,2,0,67,2,525,1,89
Newport Marketing,Design,United States,1,0,1,1,1,1,1,1,1,2,1,0,1,1,0,8,2,402,1,85
Schafer Agency,Financial Services,United States,1,1,1,1,1,1,1,1,1,2,1,2,1,2,0,99,2,951,1,91
Smoothgraph Connect,Commerce and Shopping,Thailand,1,0,1,1,1,1,1,1,1,2,1,2,1,2,0,11,2,1071,1,88
Bridgecross,Administrative Services,United States,1,1,1,1,1,1,1,1,1,2,1,7,1,1,0,13,2,441,1,89
Eaux de Marseille,Natural Resources,France,1,1,1,1,1,1,0,1,0,2,1,2,2,4,0,82,2,2001,1,94
Aaodekho.com,Community and Lifestyle,United States,1,1,1,1,1,1,0,1,1,2,1,3,1,1,0,8,2,2220,1,90
Pluton,Consumer Electronics,Ukraine,1,0,1,1,1,1,1,1,1,2,1,0,1,5,0,29,2,1096,1,89
Ejazah.com,Commerce and Shopping,Saudi Arabia,1,1,1,1,1,1,0,1,1,2,1,3,1,2,0,8,2,1915,1,90
iDreamz Solutions,Apps,India,1,1,1,1,1,1,1,1,1,2,1,2,1,2,0,13,2,517,1,87
EU Startup Services,Professional Services,United Kingdom,1,1,1,1,0,1,0,1,1,2,1,1,1,1,0,11,2,2106,1,84
Rising Signs,Advertising,United States,1,1,1,1,1,1,1,1,1,2,1,2,1,2,0,43,2,1272,1,90
Perian GmbH,Artificial Intelligence (AI),Germany,1,0,1,1,0,1,1,1,1,2,1,0,2,1,0,1,2,431,1,80
Copper Coast Renewables,Energy,Ireland,1,0,1,1,1,1,1,1,1,2,1,0,2,1,0,2,2,327,1,84
24Hires,Apps,Malaysia,1,0,0,1,1,1,0,1,1,0,0,0,1,1,0,8,2,1204,1,0
SM Auto Stamping,Consumer Electronics,India,1,0,1,1,1,1,1,1,1,3,1,3,1,3,2,30,2,1236,1,87
Otuvy,Information Technology,United States,1,1,1,1,1,1,1,1,1,2,1,2,2,2,0,22,2,199,1,87
Interaktive,Advertising,Mexico,1,0,1,1,1,1,0,1,1,2,1,0,1,0,0,15,2,720,1,85
Sausalito Yacht Club,Community and Lifestyle,United States,1,0,1,1,1,1,0,1,1,2,1,0,1,0,0,83,2,692,1,88
AlpRise,Financial Services,Switzerland,1,0,1,1,0,1,1,1,1,2,1,1,2,1,0,8,2,368,1,81
Live Traffic NSW,Software,Australia,1,1,0,1,1,1,0,1,0,2,1,2,1,1,0,0,2,764,1,87
Udonis Inc.,Advertising,Croatia,1,1,1,1,1,1,1,1,1,2,1,2,2,2,0,10,2,491,1,87
Kashiwa Tech,Commerce and Shopping,Japan,1,0,1,1,1,1,1,1,0,2,1,0,1,3,0,78,2,763,1,90
Map Hook,Apps,United States,1,1,0,1,1,1,0,1,1,2,1,0,1,1,0,17,2,1099,1,86
NSRM,Financial Services,United Arab Emirates,1,0,1,1,1,1,1,1,1,2,1,0,1,1,0,3,2,636,1,85
De Facto Image Building,Advertising,Belgium,1,0,1,1,1,1,0,1,1,2,1,2,1,2,0,32,2,1951,1,90
Líder & Co,Commerce and Shopping,Colombia,1,0,1,1,1,1,1,1,1,2,1,0,1,2,0,21,2,165,1,85
MyLikita,Health Care,Nigeria,1,1,1,1,1,1,0,1,1,2,1,1,2,1,0,5,2,496,1,86
MAGMA Resources,Manufacturing,United States,1,0,1,1,1,1,0,1,0,2,1,2,1,2,0,0,2,389,1,87
Burst Digital,Advertising,United Kingdom,1,1,1,1,1,1,1,1,1,2,1,2,1,2,0,0,2,852,1,87
La Banda delle Feste Italiane,Events,United States,1,0,0,1,1,1,1,1,1,2,1,2,1,1,0,20,1,258,1,85
A-Leasing,Financial Services,Italy,1,0,1,1,1,1,1,1,1,2,1,2,1,2,0,22,2,719,1,87
Realty Data Company,Financial Services,United States,1,0,1,1,1,1,0,1,1,2,1,3,2,1,0,25,2,988,1,88
"Reditus SGPS, SA",Consumer Electronics,Portugal,1,0,1,1,1,1,0,1,1,3,1,0,1,7,2,59,2,1650,1,89
The Vera Perlin Society,Health Care,Canada,1,0,1,1,1,1,1,1,1,2,1,3,1,3,0,71,1,248,1,89
Maypharm Life Sciences,Biotechnology,India,1,0,1,1,1,1,0,1,1,2,1,0,2,1,0,8,2,1914,1,87
Wood Communications,Hardware,Ireland,1,1,1,1,1,1,1,1,1,2,1,2,1,2,0,101,2,972,1,91
Anak Panah Perkasa,Design,Indonesia,1,1,1,1,1,1,1,1,0,2,1,2,1,2,0,7,2,235,1,87
Taste of The Bahamas,Travel and Tourism,Bahamas,1,1,0,1,1,1,1,1,1,2,1,0,1,0,0,0,2,1215,1,85
RD8 Labs,Consumer Goods,Nigeria,1,1,1,1,0,1,0,1,1,2,1,0,1,1,0,5,2,230,1,81
Hydro-Test Products,Manufacturing,United States,1,0,1,1,1,1,1,1,1,2,1,2,1,2,0,54,2,1442,1,90
Complete Carpet Care,Administrative Services,United States,1,1,1,1,1,1,1,1,1,2,1,2,1,1,0,29,2,726,1,88
Southern Health-Santé Sud,Health Care,Canada,1,1,1,1,1,1,1,1,1,2,1,0,2,5,0,13,2,1379,1,89
Good Apple Digital,Advertising,United States,1,1,1,1,1,1,1,1,1,2,1,2,2,3,0,19,2,375,1,87
VICode,Advertising,Japan,1,0,0,1,0,1,1,1,0,2,1,0,1,0,0,8,2,294,1,80
Zumoni,,India,1,0,0,1,0,1,0,1,0,2,1,0,1,0,0,0,0,281,0,78
Laboosh,Media and Entertainment,Canada,1,1,0,1,0,1,0,1,0,2,1,0,1,1,0,0,2,1643,1,83
Camp Appanoose,Other,United States,1,1,1,1,1,1,1,1,1,2,1,0,2,2,0,37,1,943,1,88
Media Scaling,Content and Publishing,United States,1,1,1,1,0,1,1,1,1,2,1,0,2,2,0,3,2,376,1,81
CollabCom AG,Community and Lifestyle,Switzerland,1,0,1,1,1,1,0,1,1,2,1,1,1,1,0,0,2,2008,1,88
Econo Air,Real Estate,United States,1,0,0,1,1,1,0,1,0,2,1,3,1,0,0,0,2,623,1,86
Catapult Fundraising,Events,United States,1,1,1,1,1,1,0,1,1,2,1,2,2,2,0,9,2,909,1,88
88medias,Apps,Lebanon,1,0,1,1,1,1,0,1,1,2,1,0,1,1,0,11,0,615,1,85
Institute of Financial Consultants,Education,Canada,1,1,1,1,0,1,0,1,1,2,1,0,1,0,0,0,2,858,1,81
Jobsgaar,Administrative Services,India,1,1,1,1,1,1,1,1,1,2,1,1,2,1,0,5,2,512,1,86
Colloquial,Advertising,United States,1,0,1,1,1,1,0,1,1,2,1,2,1,1,0,10,2,720,1,86
Magic etc / Ft. Worth Costume,Commerce and Shopping,United States,1,0,0,1,1,1,1,1,1,2,1,2,1,2,0,40,2,903,1,88
Beijing Beiyi Machine Tool Co.,Manufacturing,China,1,0,1,1,1,1,1,1,1,2,1,0,2,0,0,76,2,523,1,87
IP Pragmatics,Information Technology,United Kingdom,1,0,1,1,1,1,0,1,1,1,1,2,1,2,0,24,2,1719,1,90
3sixty Management Services,Education,United States,1,1,1,1,1,1,1,1,1,2,1,2,1,1,0,10,2,119,1,86
Arlau,Consumer Goods,China,1,0,1,1,1,1,1,1,1,2,1,3,1,4,0,26,2,462,1,88
Magni,Commerce and Shopping,Denmark,1,0,1,1,1,1,1,1,1,2,1,1,1,2,0,25,2,217,1,86
Conaker Equipment,Commerce and Shopping,Canada,1,0,1,1,1,1,1,1,1,2,1,2,1,2,0,46,2,811,1,88
Litecrete,Manufacturing,United States,1,0,1,1,1,1,0,1,1,2,1,5,2,2,0,0,2,721,1,88
aarwinMEP,Privacy and Security,United States,1,0,1,1,0,1,0,1,0,2,1,0,1,0,0,43,2,721,1,83
Dani's Woof Pack AZ,Commerce and Shopping,United States,1,1,1,1,1,1,0,1,1,2,1,1,1,1,0,9,2,2220,1,89
First Delta Insurance,Financial Services,United States,1,0,1,1,1,1,1,1,1,2,1,1,1,4,0,64,2,1342,1,90
Poole & Sons,Manufacturing,United States,1,0,1,1,1,1,1,1,1,2,1,1,1,1,0,33,2,400,1,86
Positive Solutions Divorce Services,Other,Canada,1,0,1,1,1,1,1,1,1,2,1,2,1,1,0,17,2,113,1,86
Bergnäset,Manufacturing,Sweden,1,0,1,1,1,1,1,1,1,2,1,0,1,2,0,5,2,799,1,86
Audiophase,Consumer Electronics,Poland,1,0,0,1,1,1,1,1,1,2,1,2,1,2,0,0,2,792,1,86
DRB Companies,Financial Services,United States,0,0,0,1,0,1,1,1,1,2,1,0,1,1,0,5,2,1085,1,80
Networkers Home,Education,India,1,1,1,1,1,1,1,1,1,2,1,3,1,3,0,19,2,1099,1,89
Goop Hand Cleaner,Administrative Services,United States,1,1,1,1,1,1,1,1,1,2,1,2,1,2,0,76,2,860,1,90
Route 66 Moving,Administrative Services,United States,1,1,1,1,1,1,1,1,1,2,1,2,1,2,0,17,2,565,1,87
Odev.tech,Apps,Uruguay,1,1,1,1,1,1,1,1,1,2,1,0,1,2,0,15,2,441,1,86
Action Pest Exterminating,Agriculture and Farming,United States,1,0,1,1,1,1,1,1,1,2,1,2,1,2,0,42,2,978,1,89
Cidnet,Hardware,United States,1,0,1,1,1,1,1,1,0,2,1,2,2,2,0,8,2,426,1,87
Bottmedical,Biotechnology,Switzerland,1,0,1,1,1,1,1,1,1,2,1,2,2,1,0,6,2,515,1,86
Reno Air,Travel and Tourism,United States,1,0,0,1,0,1,0,1,0,0,0,0,1,0,0,35,2,350,1,0
MarcWhittaker,Financial Services,Singapore,1,0,1,1,1,1,0,1,0,2,1,0,2,1,0,14,2,1099,1,87
Marketing Minds ESCP,Sales and Marketing,United Kingdom,1,0,1,1,0,1,1,1,1,2,1,0,1,2,0,4,2,825,1,82
Legacy Metals,Commerce and Shopping,United States,1,0,0,1,1,1,1,1,1,2,1,2,1,3,0,8,2,274,1,86
Sun Newspaper,Advertising,United States,1,0,0,1,1,1,0,1,0,2,1,0,1,0,0,58,2,2069,1,89
Splendor Consulting,Data and Analytics,Japan,1,0,1,1,1,1,1,1,1,2,1,2,1,1,0,32,2,1583,1,89
Fixed Fee IT,,United States,1,1,1,1,1,1,0,1,0,2,1,1,1,2,0,30,2,764,0,87
ACC,Other,United States,1,1,1,1,1,1,0,1,0,2,1,5,2,2,0,72,2,845,1,92
Northwest Iowa Community College,,United States,1,1,1,1,1,1,0,1,1,2,1,0,2,0,0,59,0,2220,0,88
iScreen Vision,Biotechnology,United States,1,1,1,1,1,1,1,1,1,2,1,2,2,1,0,16,2,1077,1,88
Regel Therapeutics,Biotechnology,United States,1,0,1,1,0,1,0,1,1,2,1,2,3,2,0,5,0,523,1,82
SharePoint-Template.com,Information Technology,Germany,1,1,1,1,1,1,1,1,1,2,1,0,1,2,0,15,2,749,1,87
Grupo JPG,Commerce and Shopping,Spain,1,0,1,1,1,1,1,1,1,2,1,2,1,3,0,68,2,705,1,89
Breakfast Squad,,France,1,0,0,1,0,1,0,1,0,2,1,0,1,0,0,10,0,580,0,79
Amphenol Optimize,Manufacturing,Mexico,1,0,1,1,1,1,0,1,0,2,1,3,2,7,0,41,2,721,1,91
Mtreesoft,Consumer Electronics,South Korea,1,0,0,1,1,1,0,1,1,0,0,0,1,1,0,12,2,1223,1,0
Spark Your Brand,Content and Publishing,United States,1,0,0,1,1,1,1,1,1,1,1,2,2,2,0,0,2,316,1,86
People Brand Company,Financial Services,United States,1,0,1,1,0,1,0,1,1,2,1,0,1,1,0,0,2,237,1,80
Global Source Ventures,,United States,1,0,1,1,1,1,1,1,1,2,1,7,2,2,0,14,0,418,0,88
RB Properties,Real Estate,United States,1,0,1,1,1,1,0,1,0,2,1,3,1,6,0,46,2,1099,1,92
Janney & Associates,Financial Services,United States,1,0,0,1,1,1,0,1,1,2,1,2,1,1,0,33,2,1099,1,87
Layla Grayce,Commerce and Shopping,United States,1,1,1,1,1,1,1,1,1,2,1,0,2,1,0,21,2,1321,1,87
MVM,Data and Analytics,Colombia,1,1,1,1,0,1,1,1,1,2,1,5,1,5,0,30,2,998,1,87
CBD Move Free,Health Care,United States,1,0,1,1,1,1,1,1,1,2,1,1,2,1,0,6,2,1435,1,87
DROP S.A.,Food and Beverage,Poland,1,0,0,1,1,1,0,1,0,1,1,0,1,0,0,77,2,2553,1,92
Concordia,Education,New Zealand,1,0,1,1,1,1,1,1,1,2,1,2,1,1,0,23,2,1042,1,88
Adaptivecity,Community and Lifestyle,Spain,1,1,1,1,1,1,0,1,1,2,1,0,1,1,0,11,2,1099,1,87
Nucomfort Supply,Commerce and Shopping,United States,1,0,1,1,1,1,1,1,0,2,1,7,1,2,0,23,2,1146,1,92
All Aboard Pediatric Therapy,Health Care,United States,1,0,1,1,1,1,0,1,1,2,1,0,1,0,0,0,2,1168,1,85
Office Resources,Administrative Services,United States,1,1,1,1,1,1,1,1,1,2,1,4,1,4,0,80,2,1323,1,93
Earnext,Apps,Italy,1,0,1,1,0,1,1,1,0,2,1,0,1,1,0,0,2,1015,1,82
Silhouette Aesthetics,Health Care,United States,1,1,1,1,1,1,1,1,1,2,1,0,1,2,0,12,2,1138,1,87